file,mfcc1_mean,mfcc1_std,mfcc2_mean,mfcc2_std,mfcc3_mean,mfcc3_std,mfcc4_mean,mfcc4_std,mfcc5_mean,mfcc5_std,mfcc6_mean,mfcc6_std,mfcc7_mean,mfcc7_std,mfcc8_mean,mfcc8_std,mfcc9_mean,mfcc9_std,mfcc10_mean,mfcc10_std,mfcc11_mean,mfcc11_std,mfcc12_mean,mfcc12_std,mfcc13_mean,mfcc13_std
0001_0002_add.wav,-435.3645,170.45567,29.176933,55.412663,2.6609886,32.82291,11.282779,28.883266,-7.8074265,21.871027,-6.750327,15.412777,-11.044621,15.9139185,-7.8641014,14.473613,-12.829996,17.089657,-4.9014573,10.002114,-7.228169,10.974588,-4.4870057,8.145005,-5.0849514,9.390458
0001_0004_add.wav,-437.95663,167.52206,32.259136,52.743893,1.8942548,24.722116,-0.6010894,18.299078,-3.8876522,15.421263,-1.5000795,11.57474,-8.735142,16.063183,-3.7442899,12.133461,-8.033541,12.556274,-3.2066143,8.697595,-5.511941,8.908905,-3.6118586,7.437823,-5.041305,7.9758053
0001_0007_add.wav,-474.11023,166.00818,28.148186,50.661854,5.7171593,23.563828,3.5383112,22.508966,-4.7136154,16.338617,-3.9749632,12.670439,-12.156502,17.907953,-3.6429036,10.164866,-6.209922,15.035742,-5.722707,9.400191,-8.059794,11.537236,-2.0302489,7.629513,-2.5154266,6.634054
0001_0008_add.wav,-461.35748,185.40062,32.122486,53.198116,3.0632865,26.874025,6.545943,27.414944,-3.888973,16.830448,-5.1317673,15.1692,-11.70099,16.733994,-2.5553489,12.037077,-11.261901,15.807724,-4.6110682,9.65374,-5.5062613,8.979282,-4.5360904,7.9971976,-3.7226746,7.4667916
0001_0009.wav,-552.73285,157.58675,50.97559,55.198788,-1.0878054,36.58798,16.393278,28.66583,-1.8306856,21.54525,-4.294158,15.400077,-10.704912,18.136488,-4.7991495,14.39169,-10.800424,15.643425,-1.5987751,10.765659,-6.8510675,11.756105,-2.2191854,10.403905,-3.9979265,8.478464
0001_0010_add.wav,-450.40448,178.66612,36.865074,56.369953,-2.919827,23.926065,1.9528214,24.108774,-7.906989,17.373817,-6.263886,14.898274,-8.306597,16.791521,-5.103654,12.974604,-8.330978,14.546941,-3.2432864,9.869901,-5.948072,10.348873,-3.984216,8.838557,-3.7285266,7.373452
0001_0011.wav,-535.83246,150.41205,43.931576,52.21684,-0.152848,36.62315,16.019838,31.459085,-4.2193565,22.628336,-4.183286,15.844273,-7.874128,14.509505,-4.791806,12.165539,-12.938205,17.70137,-3.9567857,10.398966,-3.877189,10.532766,0.5594875,9.75912,-3.4380085,8.354895
0001_0018.wav,-556.01935,152.3461,55.33164,61.125656,-1.6538574,36.278522,12.172445,30.499414,-0.08770089,21.047165,-5.4975195,16.083845,-6.5698457,13.812842,-5.412265,12.78861,-10.023655,15.101386,-3.4216053,9.417216,-4.5861583,10.779968,-0.6142379,8.971647,-4.6998324,8.967337
0001_0022.wav,-547.2718,135.86624,66.22832,63.235893,5.2252965,34.732048,6.4271755,27.386871,1.7691365,20.136944,0.4968186,14.434486,-8.332393,16.109322,-6.2458878,12.534616,-10.184887,14.37002,-1.8374522,10.483469,-7.6179323,12.106007,1.4555701,11.801965,-2.8545518,8.976779
0001_0044.wav,-556.99097,132.30978,42.269196,48.863003,3.569659,34.683365,12.383439,26.06198,-1.9763964,17.920856,-4.339621,15.361778,-6.809727,15.483367,-5.8196597,11.950842,-10.479661,16.058102,-3.4220703,8.967862,-5.3441873,10.268505,-2.7097545,10.132719,-0.3904039,7.1958714
0002_0002_add.wav,-447.9826,130.25172,56.635384,55.846237,3.1470444,26.934658,9.487254,19.630201,-5.684534,15.956129,-7.6103797,12.341377,-11.313226,13.340565,-2.6349642,8.069031,-8.595286,11.174911,-7.24194,9.079843,-5.8741345,7.8882165,-3.7871144,7.765086,-3.3493257,5.946257
0002_0004.wav,-474.4821,154.69675,53.530533,54.844997,0.092567764,20.252714,12.559415,21.018002,4.161078,13.178722,2.345326,9.900775,0.031001305,8.205303,-0.4763953,7.6942635,-5.3683085,9.750732,-3.7015216,8.06697,-6.393972,9.031501,-2.4674897,6.6785207,-2.2509234,6.0523133
0002_0005_add.wav,-456.82977,128.64015,44.03707,55.987484,-2.56433,25.198572,2.653205,17.209871,-7.8942895,18.647717,-6.377963,11.4285555,-8.628803,12.485128,-2.4491024,9.394608,-6.9455256,10.569573,-8.86302,11.508786,-6.1860723,8.71097,-5.236452,8.555815,-2.190565,5.518822
0002_0006_add.wav,-473.43704,160.53625,36.89796,52.07308,-1.6048478,20.664413,6.062834,18.78788,-9.365177,18.264055,-0.87900305,8.910575,-9.995913,15.669962,-3.0457013,7.71396,-6.113784,9.37614,-6.487696,10.066655,-4.00072,6.9741135,-1.8118451,4.645486,-4.454279,7.155324
0002_0008_add.wav,-444.15076,152.30157,43.529686,56.160362,0.3272632,24.88249,1.9880831,20.053593,-5.962679,17.788969,-4.7168417,13.236339,-15.567973,20.555069,-1.8603585,8.63923,-7.2444215,11.9792795,-7.890639,10.829307,-5.554884,9.300523,-5.555494,7.8423247,-4.187722,7.4903865
0002_0020_add.wav,-451.20523,151.4395,44.890663,55.637455,-2.745924,24.916046,3.8909311,19.302586,-10.73363,22.428642,-2.8243392,12.226352,-12.045981,16.487154,-3.9191895,9.029179,-8.120495,11.745636,-9.512733,11.92763,-5.7122064,8.863016,-2.8118525,6.4625764,-5.7321215,7.486484
0002_0025.wav,-442.11597,150.6689,48.975086,56.76576,5.569956,20.716728,6.8452888,18.970179,-4.7556334,16.371153,-6.7456512,17.33429,-0.061374027,8.454316,-2.1962438,9.941875,-4.1138053,8.945902,-2.521747,6.890041,1.6975168,6.1240487,-0.09283719,6.1083064,1.8107457,4.990388
0002_0039.wav,-430.308,148.12485,47.888657,55.331604,8.443729,23.029104,6.8574433,18.92513,-2.9214616,18.410564,-5.5362206,16.899017,-3.1528444,10.682898,-2.0604618,10.974005,-1.9960634,9.348391,-0.26694807,6.675635,-0.63312644,6.780252,1.1113019,5.642883,1.1440588,5.801781
0002_0047.wav,-457.02615,171.40208,58.324623,54.86721,5.8663144,21.00907,10.452151,21.135693,-1.879014,14.657146,9.271839,13.635421,-9.183913,10.817658,-1.0597239,9.193575,3.681488,8.764299,-5.6567674,7.273848,3.7448,6.026262,-4.6437054,6.514241,1.0748377,5.4202166
0002_0052.wav,-472.0763,178.56444,53.78069,54.047234,6.9460874,19.983706,13.764324,20.838123,-4.5577264,13.593006,10.194692,14.191609,-8.429048,11.120797,0.091776624,8.585151,3.5316448,7.455295,-6.8279986,8.1992035,3.3457394,6.106484,-4.7102046,6.5435643,-1.4618325,5.111227
0003_0004.wav,-454.21756,148.37346,38.072407,50.675144,7.849817,27.969286,14.488114,27.795149,-3.8953247,20.397692,-4.6780157,16.441023,-4.8745832,13.845843,-1.6138546,12.438499,-5.295132,10.8211565,-8.74593,11.932422,-7.4567466,10.847284,-5.6501055,8.573201,-5.339313,8.221371
0003_0004_add.wav,-491.90665,186.41473,47.981785,52.3143,1.4896302,23.313745,16.773458,24.981634,0.75010055,12.260967,-1.4087685,10.405843,-4.343328,10.779491,-4.2129216,9.595577,-3.0077267,9.025107,-1.5202533,9.473125,-0.8232944,6.8337893,0.76092505,5.9700904,-0.98821026,6.52314
0003_0006_add.wav,-515.84595,191.73001,37.262955,51.591187,-4.3846765,21.747084,8.382663,17.408077,-2.3262882,14.6999855,-0.95749414,9.31369,-0.88297397,8.657348,-1.120833,8.112826,-0.67313766,7.5357804,-3.5137756,9.995416,-2.4475431,6.5092435,-1.5474435,5.407388,-2.6916425,5.360295
0003_0010_add.wav,-516.7152,199.61572,44.287144,53.273994,-3.4043424,21.37389,13.258378,22.880217,0.5712715,15.104596,-2.185244,9.283351,-3.5483975,10.712068,-1.7695818,11.115429,-0.077128924,7.177224,-1.8174081,8.121716,-2.2790813,6.8216076,-3.9736962,6.4420233,-4.9630027,6.78225
0003_0011_add.wav,-466.10266,182.88463,48.11231,53.903652,-4.0096745,24.313066,16.193512,24.926313,1.5050424,14.256688,-4.3335996,13.66068,-5.307418,12.134362,-2.434948,9.604892,-1.0314009,7.722345,-2.765679,9.524063,-3.1063602,6.654693,-5.27572,8.277154,-3.3611252,5.778375
0003_0012.wav,-468.40332,146.99937,35.589615,53.716915,13.665984,31.422424,10.827332,25.172598,-3.1478338,18.878296,-3.2633245,15.660609,-4.4676766,11.713791,-0.5636107,9.610638,-4.16388,9.251693,-8.651836,12.73407,-7.1517005,9.91064,-5.4842987,8.807637,-5.769223,8.629598
0003_0017_add.wav,-456.40274,187.00522,42.7575,49.914886,-5.0163016,24.545422,15.286979,24.549349,-0.47659966,15.699906,-6.502227,13.559067,-4.209803,10.541408,-3.0656126,10.198031,-1.7727183,8.649523,-2.6997573,9.353468,-4.0329065,7.280271,-4.6644545,7.383081,-3.8917794,6.174963
0003_0021.wav,-469.32654,156.17189,40.746174,51.879925,12.015895,26.380293,14.3424425,30.615917,-6.2350664,20.762955,-7.3226347,17.50757,-7.166416,12.730771,-2.7895172,11.776919,-5.9538302,12.072,-10.236392,13.623,-4.3945727,9.444999,-3.7375064,7.430587,-4.4739227,8.504647
0003_0045.wav,-470.8436,153.48065,34.080696,51.18561,9.202102,26.69915,12.515901,27.885891,-3.3120995,19.26689,-2.9832366,15.763065,-5.0368,11.842669,-1.3296999,11.581101,-4.008185,9.570674,-8.990916,13.116409,-6.183951,9.734427,-2.8788931,6.608588,-7.799696,10.580447
0003_0046.wav,-479.98563,152.35057,37.5359,54.177277,7.9600043,29.703505,13.803181,29.562754,-3.4631655,20.33413,-2.5124989,14.193664,-5.972438,13.178889,-3.343833,11.520792,-4.650653,10.361632,-7.5611978,11.405662,-6.0963845,10.446914,-3.8124163,7.345922,-5.5051517,8.40975
0004_0001.wav,-385.80215,170.68948,52.06203,59.2936,0.044371493,25.941801,13.421944,24.612047,-3.497605,18.50928,7.7590327,14.578448,-4.9173613,15.254909,5.2068353,10.424393,-8.274429,13.915568,-1.3810254,8.093647,0.38968515,6.765901,-4.065003,9.961538,5.617803,9.159391
0004_0002.wav,-343.82004,182.23306,54.506916,62.25408,-1.472564,27.183071,14.37869,25.653204,-3.6407049,19.398964,8.455997,13.661378,-9.553481,15.817888,8.682346,12.017117,-11.490695,15.0969715,2.6383808,7.4527335,1.1672769,6.8725996,-6.49782,10.759319,7.6884856,11.120823
0004_0009_add.wav,-482.07397,165.25594,55.163902,59.974438,9.139742,25.441776,17.452572,27.612265,-5.389059,17.926748,-4.9121404,19.158785,-9.010941,14.36571,-4.934613,11.982003,-9.272807,13.318693,2.0607452,8.726004,-4.4104033,9.406037,1.6586969,8.594695,-2.099472,11.817524
0004_0014_add.wav,-490.60565,167.3616,43.305035,52.72446,6.986961,25.27231,11.6129875,20.500902,-6.714812,18.450214,-2.0812356,13.408576,-1.8994554,11.282385,-1.7777233,9.888629,-6.391654,11.456657,-0.60126305,10.005514,-1.4786141,9.081657,-0.8420973,9.182429,-3.1848834,6.8048005
0004_0015_add.wav,-472.63312,158.54622,34.319748,50.223736,12.351042,23.848818,15.599974,24.420591,-3.88497,17.103102,-1.2138588,12.043273,-2.5064085,12.061096,-2.0977218,10.392965,-4.0328226,8.959866,-0.62078476,8.17351,-3.5436847,7.5413437,-3.0032709,9.195303,-1.0613106,5.591633
0004_0016_add.wav,-505.74277,149.65283,43.71328,54.864582,10.837836,25.249113,11.892886,23.182205,-6.066551,19.960072,-6.103076,16.176931,-2.8208537,13.33912,-1.0306172,9.826374,-7.45661,12.682675,-0.6015501,9.307452,-4.092762,10.635594,-3.3347075,9.867837,-1.0918388,7.164145
0004_0020_add.wav,-511.22382,151.79166,42.084568,55.106453,3.882233,25.581669,15.556357,25.754734,-5.217914,17.07923,-7.079001,14.292917,-7.700841,15.10874,-3.279784,10.440844,-2.3378742,8.498143,-0.7411412,7.421346,0.5858783,7.99628,-4.852459,10.538583,-1.2057542,5.624838
0004_0022.wav,-379.97574,189.08723,51.208923,64.014496,5.1873374,26.995783,6.872301,21.896725,3.9163349,17.737299,2.2525752,13.222431,-4.58723,14.041134,3.7170777,10.541768,-4.5617685,10.234931,0.6195637,6.2903333,2.6806169,6.8987336,-5.115256,10.424203,5.293788,8.6445875
0004_0037.wav,-347.7402,181.14201,50.850708,64.203735,6.5098863,31.21017,7.6428285,23.851864,4.066484,18.64993,4.0239305,12.889966,-6.8002777,15.380272,2.707606,9.276023,-4.9015155,10.800893,-0.22255097,6.7515297,3.2444324,7.145775,-2.2235847,8.14129,5.296015,8.755356
0004_0051.wav,-379.79797,192.27982,48.749508,61.97111,2.574456,29.253845,7.803339,20.053984,4.235263,17.4558,1.4088728,12.532164,-2.6701615,12.030098,1.3635625,10.3589525,-4.259966,9.186835,1.0844872,5.604511,0.7066021,5.570622,-2.2836742,7.8189015,5.3977785,8.4236765
0005_0001_add.wav,-448.2946,158.55818,47.28935,55.615784,2.6616468,23.361792,12.750845,20.695524,1.1541785,14.092365,-1.0340432,12.894994,-5.2594275,9.921443,-4.3250847,8.746174,-1.7583311,8.719711,-0.5596767,6.108765,-2.8679094,6.033441,-1.4469758,6.996256,-0.6404934,6.9990067
0005_0005_add.wav,-455.87244,171.39474,50.617756,58.31036,1.505486,26.016733,8.714857,20.197287,0.48618886,13.954924,-10.19788,18.546947,1.9927475,8.536638,-6.2326946,10.660482,-0.82722276,7.508027,-3.3802361,6.6118884,-4.7475123,6.9285684,-3.362445,7.5043087,-0.45972037,5.1226172
0005_0007_add.wav,-411.6703,141.35463,43.963196,49.980595,5.8357825,25.122992,14.109421,26.291843,4.8179817,16.163315,1.735168,14.176501,-3.4629197,15.96534,-0.52882385,9.272285,-2.435569,8.354149,-5.0932913,8.29224,-1.8138238,5.988319,-1.5800612,5.6376185,-2.7438626,7.012812
0005_0014.wav,-496.90042,144.71742,32.75058,52.582394,9.613515,31.76636,21.473148,31.521893,-11.722574,26.209301,-5.538438,15.5290985,-11.043399,17.515675,-0.77664524,12.473185,0.2765072,9.160005,-7.9788704,12.149564,-2.3282154,9.732778,3.1580987,9.518992,-2.6609528,7.402984
0005_0016_add.wav,-441.99435,161.67226,39.71686,51.256462,2.3652227,23.261044,7.76476,24.047832,2.7311683,15.923978,-3.4340253,15.442225,-1.6550676,8.464987,-4.8656516,10.733262,-4.205151,9.208939,-3.99298,7.978817,-4.374364,8.200372,-2.690582,7.1174793,-0.37587145,5.88018
0005_0019.wav,-519.8001,152.77362,31.431637,49.948524,12.685276,30.359222,18.696016,28.841948,-12.109572,27.912903,-5.5471826,16.427282,-9.916018,16.817719,-0.14644401,9.7676115,0.43228424,8.912199,-6.933386,12.364748,-1.8473468,9.371675,1.2657105,10.058954,-1.4865767,7.2786293
0005_0019_add.wav,-451.38763,161.00117,45.77111,53.835423,1.9387062,22.201258,4.8316855,17.911753,-0.32430902,14.900052,-2.627292,13.40387,-4.5375314,10.663166,-2.9282124,10.352734,-3.6170337,8.451816,-3.3859577,7.6242237,-3.3547032,6.6940923,-2.809028,6.9880543,-1.2043458,5.2732177
0005_0039.wav,-502.85596,159.75952,28.50086,53.174652,5.758792,32.16671,16.833876,28.125282,-10.705864,26.690248,-5.152699,16.765583,-11.797717,18.356028,0.5968175,10.216246,0.21068673,9.195905,-6.865417,11.811539,-3.5216029,9.461939,1.6627115,8.667631,-1.9508502,7.2972307
0005_0043.wav,-528.2085,155.21016,21.472666,49.573914,8.231468,29.70202,15.428114,28.427368,-8.80303,22.48116,-8.161237,16.933184,-7.118368,13.249074,1.6041503,9.686901,-1.8420335,7.8279943,-5.9602857,11.267778,-1.5551958,8.136698,1.0491658,8.954468,-1.7611039,6.1999683
0005_0049.wav,-506.71017,148.14473,33.615562,52.56759,9.524554,29.844885,16.17442,27.832968,-15.4602995,29.754692,-7.3746724,18.060331,-6.9782557,13.773004,0.07549363,10.293501,-2.1892114,8.445716,-7.574147,12.281546,0.7959385,6.317835,-2.1947966,9.005971,-0.279965,6.140411
0006_0002_add.wav,-437.83835,168.07378,35.453754,48.92306,14.974611,29.902727,7.4017873,21.824778,-5.4393873,18.752869,-3.163145,13.058358,-4.8578014,11.488278,-9.190206,17.312809,-0.60254914,12.434409,-5.0644636,8.72302,-9.054352,12.056967,-1.5939476,7.933764,-0.6551829,6.983406
0006_0004_add.wav,-397.62698,152.22433,44.60865,55.22005,6.9516745,20.391905,4.2533503,25.841013,-3.5192108,13.975374,-4.8931856,14.4446,-7.9160123,13.23075,-4.162023,11.414753,-5.5845723,12.102509,-7.167559,9.925078,-5.09574,9.544669,-0.20037559,7.023303,-4.9988036,9.446779
0006_0005_add.wav,-441.60754,185.20358,23.393465,40.748608,8.272897,25.622404,10.538128,22.843801,-1.80107,16.568127,-7.4475226,16.259418,-5.34195,11.865707,-3.679847,11.260283,-5.6814575,10.362943,-1.010162,6.3311024,-4.0458746,8.204241,-2.172686,7.397605,-3.3412714,7.3568635
0006_0015_add.wav,-409.10165,168.68459,41.434826,50.12117,2.8159745,21.485514,6.6461706,20.202984,-2.7074583,13.392128,-7.218904,15.566748,-4.487924,13.45308,-3.4616134,10.341567,-5.8547025,11.254149,-4.5888157,10.064493,-4.342477,7.713349,-4.92527,8.28332,-1.1591531,6.7304044
0006_0020_add.wav,-392.98596,140.33145,44.282494,55.60044,7.33854,26.522432,0.701986,19.727566,-1.8003381,17.93196,-4.088451,13.996369,-3.8571246,9.517732,-5.831888,12.102002,-2.275494,9.236573,-6.6572247,9.809297,-3.3193758,7.6019897,-5.7231226,9.688987,1.5204912,6.030399
0006_0030.wav,-470.67316,180.7839,36.0246,46.981197,2.3710535,23.730198,14.908116,21.554457,-4.8848968,14.623186,3.0317712,10.495857,-5.8348727,11.509867,0.5248602,8.577794,2.3599758,9.079711,-3.123033,6.5953197,-6.55966,8.667933,-1.5725914,5.7444677,-2.7163699,5.868167
0006_0040.wav,-411.98895,167.35735,34.571384,47.74695,0.37336162,23.522831,7.2645555,17.432882,-4.4189515,15.172093,0.21083541,9.612605,-6.7213106,13.423936,-0.77632695,8.49853,1.503597,8.7010765,-3.9747827,7.9994493,-5.3142138,8.755104,-1.5556762,6.009718,-2.1496031,6.2256355
0006_0044.wav,-442.09573,182.03993,37.821186,49.13222,1.2444972,23.437916,10.752351,19.12467,-5.2075915,15.067105,4.503789,11.584915,-4.7567925,11.160066,-1.179483,8.988361,-2.485013,8.598906,-3.947233,7.606372,-4.374151,8.007045,-3.0621386,8.090777,-0.12481033,5.8549747
0006_0046.wav,-410.62704,178.48598,33.443,50.121853,4.549567,29.33123,11.126016,19.823496,-5.95738,18.418427,4.4776525,12.568288,-5.0966725,10.92825,-1.946902,7.8332334,-4.140222,9.224575,-4.8753085,9.429824,-5.036474,8.354634,-1.7839371,6.8785515,-0.20821862,6.066603
0006_0051.wav,-448.65045,187.96951,29.978655,49.247047,2.6680193,25.669939,6.1006603,17.462103,-4.4535193,16.932703,3.3407977,9.599235,-4.6263947,10.507985,0.529531,7.6643147,-3.1651099,8.042155,-4.470669,8.491319,-4.4457216,7.69057,0.49880475,4.5899267,-0.34569672,5.7691975
0007_0006_add.wav,-428.95425,156.86133,29.370256,56.481396,11.030646,30.29775,5.390725,23.571829,-6.6706295,20.43051,-2.4124439,16.854322,-7.1018996,13.44254,-8.111488,14.907996,-4.3987346,13.709703,-1.9922798,8.043222,-9.483447,13.9748,-4.19887,8.91219,-4.6610975,8.03471
0007_0012_add.wav,-430.90085,152.69403,39.23475,56.638954,10.808973,33.48775,-1.331521,26.334162,-6.083839,22.089972,-6.7996902,21.769325,-4.5402436,12.707715,-7.0324545,12.188968,-6.616785,13.857787,-3.1855645,9.998559,-7.403187,12.343649,-6.632472,10.9176855,-2.1406207,6.6469936
0007_0016_add.wav,-432.6603,143.67151,30.58828,53.399506,5.4919662,28.814438,2.6901882,23.657818,-3.7923732,18.22358,-9.636579,17.772642,-1.4017236,10.117139,-6.4450293,13.656376,-5.1689167,11.27497,-2.3904312,6.5942187,-6.786001,10.913543,-2.7335556,8.513332,-3.3282754,6.328992
0007_0018_add.wav,-441.9515,160.6622,36.892284,58.085514,7.9576106,36.515694,1.8849753,25.270086,-2.2163134,21.819298,-3.7379584,20.079895,-7.815812,13.218362,-4.3801665,11.456145,-6.0918036,13.688373,-3.7834096,8.124833,-7.837067,11.62626,-7.0300126,10.410948,-1.82258,5.8096786
0007_0020.wav,-426.03265,178.1017,37.754578,45.852562,8.498845,27.517252,6.27143,19.690723,6.98913,14.520153,-5.16165,16.530128,-3.59153,11.971996,-0.33459824,9.506098,-2.593906,10.04274,-0.79727757,6.526961,-3.140981,6.5822206,-0.24237184,7.1487617,-1.90835,6.2839
0007_0020_add.wav,-435.3905,150.06458,27.7087,52.00384,11.319127,30.649649,7.3481755,28.365175,-3.6395602,18.318893,-10.898612,21.102758,-5.938458,13.67574,-5.341738,14.593284,-3.015989,11.225881,-2.6438622,8.683399,-7.053222,10.848795,-3.2116177,8.175571,-4.4506702,7.88899
0007_0025.wav,-389.99207,170.1914,37.781616,53.391277,8.4113035,28.249939,8.434156,18.964588,1.4969299,18.13342,5.514971,14.105651,-1.5201663,12.406618,0.67798007,10.214814,-3.7200994,10.631796,-0.22916421,8.901074,-1.5046445,9.206435,0.40015814,9.190305,0.9819312,6.50333
0007_0031.wav,-428.06152,169.14513,42.937866,50.108402,3.243654,30.081554,11.58153,22.033583,3.154675,19.843916,3.47483,13.762282,-6.393308,11.894987,-0.07346633,11.906796,-6.9274282,12.082132,-1.8411024,8.952412,-7.4072027,12.679843,-0.36541677,7.4414086,-2.7482119,7.331358
0007_0042.wav,-477.98416,161.48424,42.352535,51.829975,11.016698,28.030024,14.3894415,22.450426,3.5282588,15.633091,-1.9895694,13.73779,-5.1331406,12.760861,-1.1874601,10.360375,-8.259912,13.661194,-1.6448704,8.012946,-2.102444,8.177402,-3.6605709,8.921314,-1.174896,6.8340373
0007_0054.wav,-457.1599,149.00713,40.393032,52.220013,14.0479765,27.14797,11.934143,21.778742,0.9470045,15.087046,-3.5407374,13.442233,-3.5393462,11.193225,-1.9839264,12.421365,-7.479546,11.240137,-1.9443882,7.830206,-3.890163,8.276496,-4.0684476,9.302234,-0.48262945,6.505448
0008_0006_add.wav,-486.58884,164.78946,32.948784,53.46881,7.3150663,23.632334,9.847836,25.206995,1.1226205,17.998741,-1.2927802,11.105545,-6.6808004,11.329429,-3.7459104,9.904039,-8.018597,11.62987,-5.1647234,9.0923815,-3.8461957,7.4210167,-2.2017517,6.8161817,-3.5376143,8.144075
0008_0008_add.wav,-491.1356,153.2809,39.314342,62.96862,8.722961,26.626755,0.5952711,19.791323,1.2010057,17.521763,-0.49565777,10.528704,-7.302734,13.239327,-2.4183717,8.175582,-4.308579,9.177594,-3.4938953,8.549279,-4.139649,8.18498,-4.099445,7.909183,-3.174258,6.4535103
0008_0013_add.wav,-518.09015,161.84229,33.969246,52.932297,9.003074,27.63234,5.271975,21.018576,-1.48872,19.261211,0.39773858,9.696551,-5.3957434,11.703314,-5.615441,11.934105,-5.045365,9.777272,-2.954639,8.520883,-5.3678236,9.220031,-2.209514,7.233504,-2.5759375,6.987223
0008_0015_add.wav,-485.90338,167.04123,41.481632,59.287327,8.467505,22.905619,3.466611,22.37506,-1.170026,16.793024,-0.40492654,10.286543,-5.2699866,11.022873,-2.77525,9.233093,-6.6252227,11.016752,-3.351507,8.337482,-4.4362774,7.9750395,-2.4306345,7.3955708,-2.3013399,6.980198
0008_0017_add.wav,-516.69385,117.67521,46.247974,64.36117,16.47391,30.197245,5.418356,21.434734,3.640498,15.67054,-2.1367304,14.433915,-6.8770666,13.407571,-3.2505577,9.469211,-4.328876,9.477055,-2.5929286,7.3260684,-4.209227,7.568384,-0.79697204,5.9457397,0.7317661,6.6164293
0008_0034.wav,-484.98416,150.63539,37.38135,52.853405,0.84526694,30.267765,6.3032713,24.983265,-5.1451244,18.15401,-7.9768806,17.7276,-8.894193,14.977846,-5.2823534,12.3839445,-6.140771,12.964166,-5.792685,11.83433,-4.4960537,10.935086,0.23631056,7.649598,-4.6717668,8.655204
0008_0038.wav,-466.73758,129.39789,45.53253,55.45216,2.3623235,31.439802,0.710563,22.129992,-1.8378501,17.036346,-11.664824,19.988565,-8.821768,14.881321,-6.6247206,13.349889,-8.526454,13.549469,-3.4608672,9.808749,-7.0808835,10.72432,-1.9737641,7.8423157,-2.557961,8.189732
0008_0039.wav,-480.34802,140.13007,43.85974,60.902016,2.2217062,34.515465,-6.8015347,23.829144,-4.4237638,16.07748,-12.1277,19.513494,-9.9392185,15.948797,-6.5406632,12.578188,-4.7710176,12.412436,-5.73277,10.902958,-5.2623916,12.139284,-0.7539045,8.32282,-6.140694,10.651775
0008_0042.wav,-485.08365,142.691,47.631138,64.99119,1.6489309,34.600636,2.1726902,24.797401,-1.9213904,16.019024,-16.331549,24.661037,-7.465524,13.729925,-9.451249,14.433661,-7.1305037,13.496858,-3.8050041,9.217977,-8.739312,12.7623,-0.64920247,8.217448,-5.388898,8.982019
0008_0053.wav,-490.0567,132.76437,47.62316,57.7692,-1.1526304,24.435099,3.108239,25.854177,-1.5961765,17.540373,-12.458064,20.495335,-6.2968054,13.265379,-12.504923,18.419464,-4.538521,11.099317,-5.3261533,9.981732,-7.4654408,11.745064,-1.0670141,7.9611173,-4.325126,8.440383
0009_0001_add.wav,-529.02954,138.57486,37.536434,56.000862,9.487323,21.483076,3.767896,17.660786,-3.224252,13.382265,-1.2501177,9.795116,0.012613192,8.1395235,3.4282782,8.272665,-3.196437,10.201686,-1.0091108,7.249488,-4.5679383,9.809549,-2.601647,7.4382176,-0.084345154,4.4456916
0009_0003_add.wav,-489.17664,172.92345,49.360363,64.517555,4.694763,24.737572,-0.7613379,18.629675,-5.1448126,16.375126,-0.032408483,11.002989,-1.6602886,9.406385,-1.4130061,8.242124,-5.1627965,9.583627,-2.2050302,7.5817127,-6.142471,10.369332,-2.2352114,7.3816056,-2.0698402,6.015286
0009_0004_add.wav,-504.43265,181.5342,46.37063,59.028652,11.710651,26.102564,4.0767837,22.11954,-4.6514015,14.544969,-6.0142574,13.851979,0.5196181,8.071425,-3.640835,9.2931595,-3.2125497,8.383362,-3.5754824,7.7125325,-7.491141,10.905292,-5.1261997,9.217497,-3.4003265,6.855108
0009_0006.wav,-432.21536,164.33037,59.553192,53.850895,1.8998574,26.137814,17.128239,24.425978,-1.4838743,19.472986,9.547495,14.891714,0.82481164,13.047566,6.865481,11.1218815,-3.1230042,12.081868,4.8766904,7.577665,-1.1111401,8.072383,-0.4807952,8.126695,2.4611566,7.182208
0009_0008_add.wav,-513.0931,161.15416,39.686794,55.987164,11.368168,24.372551,12.533581,24.203833,-9.102669,18.857996,-4.7816567,12.06548,0.9960554,8.375622,-2.722262,9.920451,-2.135482,7.634608,-3.5604131,10.717835,-6.184223,10.360379,-3.975462,7.6755743,-3.0532641,6.76761
0009_0017_add.wav,-469.75446,163.09216,41.997005,52.538044,15.0613785,25.177427,2.343619,17.273222,-4.479582,17.582596,0.6665409,10.595737,-4.9495053,10.113358,-2.940896,11.382837,-5.8692865,10.18363,-0.683636,7.278923,-6.456544,10.439285,-2.5732105,7.6565723,-3.6049058,6.8730965
0009_0019.wav,-437.7261,171.81482,45.65371,52.51991,-2.0514765,26.295658,15.387546,26.245363,-4.669688,18.00899,4.6501217,13.152343,-0.59806913,11.60453,5.941716,11.880257,-1.609618,9.574403,2.3786318,6.798447,-1.8553835,7.9919353,-1.9699621,8.373877,-0.61868757,6.8109365
0009_0021.wav,-455.8229,170.8195,49.728626,55.02061,-0.8615602,26.053314,14.335401,24.024387,-3.5613801,17.111334,5.6419864,13.706148,-1.2914927,11.994325,4.7229314,9.967261,-1.0542158,9.493591,2.394872,6.9891124,-1.0332277,6.911195,-2.0918362,7.3366723,-0.4177253,5.969455
0009_0027.wav,-440.92072,171.3875,54.224854,56.210728,-3.4118176,29.063679,13.845072,23.13658,-4.0450287,19.542204,6.035182,14.276828,1.748037,11.820114,4.761777,10.844997,-1.8942213,10.770097,5.451575,8.465246,-1.9398221,7.878803,-1.356371,7.5239487,1.4164126,6.4634075
0009_0050.wav,-457.43024,171.05757,50.971615,54.81184,-2.944015,25.898115,15.098674,23.315716,-2.7868388,16.99302,2.8135197,13.00944,-1.0040609,11.094429,2.1387336,9.683077,-1.6900675,10.320518,4.3823857,8.220868,-4.647811,9.390965,1.4715579,6.3921566,2.1624444,6.33279
0010_0001_add.wav,-456.42368,170.17279,45.474354,60.071743,-1.7552185,29.378052,9.179986,27.956747,2.8639045,18.227337,-2.882684,12.454288,-8.241411,14.451242,-4.555275,12.183095,-3.8137798,11.14548,-2.3603792,7.721031,-2.6398816,8.426416,0.0013749108,7.0376053,-0.20076922,6.437413
0010_0002.wav,-423.70627,161.02573,41.883274,50.522038,6.8342476,31.243746,15.05147,29.367054,-11.395383,22.731379,-2.9743516,14.340645,4.3964477,10.963808,-12.125647,17.21304,-9.079286,11.889028,3.0025337,8.331051,-5.412881,9.363738,-0.23270103,5.909539,1.611521,6.485803
0010_0011_add.wav,-470.63947,165.50394,47.92888,62.37287,0.79973435,31.180607,9.585128,27.658632,1.8263447,18.01821,-1.4888849,12.56287,-7.1285033,13.744482,-3.3691173,12.553274,-5.326712,11.438865,-0.09012976,6.963885,-2.0127504,6.386211,-0.46974057,6.9839435,1.2846237,6.6415405
0010_0012_add.wav,-444.40433,160.60175,43.48085,55.59101,4.846025,30.775402,10.526038,26.996344,-3.8695822,19.245583,-4.7178774,14.055346,-2.7189362,14.202937,-7.067278,16.043402,-4.9427323,11.478648,1.0986112,6.682808,-0.48423168,7.58399,-3.248141,8.46309,0.201886,5.892204
0010_0018_add.wav,-470.0824,161.74677,46.174927,65.61843,8.345269,28.16831,7.837556,23.793808,1.6065048,18.881924,-1.5309032,12.111415,-3.1522753,9.404063,-1.3430318,10.001868,-5.199632,11.783429,1.5064778,7.9440866,0.10627867,6.519397,-1.5053031,7.3707495,4.1497498,7.6077466
0010_0019_add.wav,-449.19653,147.16629,44.723576,59.753883,2.830511,26.802917,11.279089,26.954618,0.10663791,16.833984,-0.5555113,14.928787,-8.445164,14.247072,-4.779445,11.620278,-7.2357492,13.40236,-0.8631497,7.7586694,-2.7501502,7.1744456,0.6956988,7.8585987,1.4141998,6.683151
0010_0030.wav,-402.02283,155.74812,51.354836,54.37108,2.2604256,31.104673,4.776078,25.55194,-4.3614836,20.610617,1.880366,13.494744,-5.3527117,15.715009,-9.771732,15.071977,-4.3334517,10.965279,-4.642874,8.846416,1.2118235,7.8418097,-2.048523,8.348745,3.818261,8.784414
0010_0033.wav,-405.81778,145.07365,50.742558,56.911636,4.7234507,29.583782,4.1243343,26.922329,-10.022498,21.454659,2.402194,13.135326,-4.7611327,15.037161,-11.746762,15.531149,1.7766382,10.566393,-6.353253,9.943671,-0.9562166,8.088845,-0.4047406,7.71534,3.9300437,9.398721
0010_0035.wav,-420.8539,148.08723,39.30992,51.20695,2.943048,30.357382,9.0885,26.171795,-6.111412,19.505848,1.6935036,12.70788,-1.5919496,12.406643,-8.999399,14.31956,-3.7347827,9.782693,-3.6612341,8.337778,0.05073282,6.728475,-1.5291001,6.860664,2.92775,8.860648
0010_0039.wav,-407.42743,152.91135,52.29724,58.96409,-0.2191938,34.67165,2.7332468,22.539793,-10.107667,20.231773,1.9166068,11.931665,-4.1743703,11.065199,-3.1453407,13.294754,-2.8309255,8.587786,-8.6893635,10.841569,0.4424284,8.257953,-0.99815005,6.4088964,0.4518163,6.8099656
clean_0001_0002_add.wav,-544.913,155.98906,11.35472,42.09125,-0.4078942,23.760725,7.5436835,25.903088,-6.924184,19.869877,-4.2482734,12.609704,-3.2944279,8.820437,-4.6338835,12.26219,-5.7686186,13.870537,-1.0708972,6.2224364,-2.2117574,7.509354,-1.1089987,5.1896524,-3.2326467,7.99613
clean_0001_0004_add.wav,-570.93665,179.00487,15.150361,41.13369,-1.454323,19.533747,-0.43284827,12.931577,-3.8690798,12.317286,-2.2596693,8.907714,-3.0715795,9.352087,-3.0597773,10.085129,-2.6347713,6.7477593,-0.92005414,5.014458,-2.8403325,7.0333858,-0.8360514,5.0933504,-3.1071372,6.982506
clean_0001_0007_add.wav,-540.61597,134.69183,12.007088,36.091114,-0.52827275,15.05637,3.668883,17.947302,-3.5693436,11.522065,-3.5373464,9.622161,-5.0901012,12.710127,-1.3886435,6.1935143,0.050253194,5.951439,-2.5594442,6.699841,-4.4645796,10.387229,0.57458764,4.367459,-1.169274,5.134266
clean_0001_0008_add.wav,-536.2095,155.61725,18.117413,45.44028,1.5648357,21.989172,4.9504857,23.992052,-3.0026956,14.750188,-4.5522833,12.754185,-4.84067,11.681712,-2.3750038,8.913208,-5.9888625,12.742885,-2.2132368,7.3550196,-2.4660246,6.846595,-1.8006102,6.255586,-1.4152719,5.6479073
clean_0001_0009.wav,-676.1704,131.7421,17.046268,42.648113,-2.3641133,21.705772,6.8591447,22.006258,-0.40095174,13.180536,-2.3386452,9.9161005,-3.9218574,11.852138,-1.3432963,9.763065,-4.679207,11.663178,-0.8338458,7.2842617,-3.5663407,8.966248,-1.0987891,6.936788,-1.8934464,6.050715
clean_0001_0010_add.wav,-573.851,159.97989,16.686104,43.401314,-1.8290703,16.083372,2.684323,14.818902,-5.0721283,14.476892,-4.5396857,12.214453,-1.2854576,8.354398,-3.7651286,10.662852,-1.9671208,7.943754,0.10379356,4.7672276,-3.806253,9.030153,-2.3471062,7.1204042,-1.1393244,4.78438
clean_0001_0011.wav,-656.7631,137.37317,19.693829,47.256626,-2.1377351,25.160564,7.039045,24.518013,-2.5264142,13.706218,-3.144764,10.456917,-3.0829737,9.069574,-2.2215571,8.604602,-6.6238737,14.404117,-1.795683,7.448798,-1.6381875,7.779789,0.25394863,6.788987,-2.5298069,6.4091377
clean_0001_0018.wav,-665.2814,149.86629,26.632696,56.190914,-3.1163924,25.580233,6.075611,23.05805,-0.5512082,15.018529,-3.7542627,12.222924,-3.8021832,10.587999,-2.2011645,9.675558,-6.299425,13.254675,-1.8485783,6.9435554,-2.5796387,8.392286,-0.14108208,6.723405,-2.8582082,6.836298
clean_0001_0022.wav,-659.8103,130.62508,24.82514,53.211723,-0.9991761,21.843233,4.0540237,20.217003,1.0796188,12.872327,-0.45973215,9.530411,-4.195073,11.763738,-2.2432318,8.2618885,-4.649093,10.690763,-0.6896346,7.13315,-3.8274505,9.558156,0.12715995,8.2593155,-1.0621212,6.22972
clean_0001_0044.wav,-690.9467,120.337166,14.506383,38.93031,-1.4560866,22.439686,4.209983,19.835674,-0.93683136,12.393982,-2.5865915,10.311514,-3.2402844,10.250459,-2.2096977,7.9033313,-4.147525,11.0831585,-1.1170068,5.698508,-2.5909088,8.093541,-1.4397975,6.5725417,-0.6391221,4.4234953
clean_0002_0002_add.wav,-515.0585,129.86455,18.65546,45.16779,-2.8190663,20.849762,3.6868057,14.556494,-3.4152145,12.969584,-2.3066943,8.278919,-3.5418067,9.806416,-0.45905614,5.323333,-3.0452344,7.994324,-1.5059596,5.00926,-2.3868713,6.26509,0.191178,2.6481042,-0.6840959,3.1246235
clean_0002_0004.wav,-581.47003,157.94116,25.40512,46.715885,-0.697715,15.721963,5.67262,16.535465,2.2168155,9.863642,-0.37382725,6.7007256,-0.045647122,5.4807105,-0.47672874,4.939988,-2.45476,6.492454,-1.3291516,5.168754,-3.834827,7.786161,-0.9918684,4.8953424,-1.4552917,4.749515
clean_0002_0005_add.wav,-510.4206,113.36934,15.967412,41.684483,-2.0905476,20.614017,2.0087605,12.09696,-5.730787,16.448383,-3.0052192,8.474708,-3.037047,8.645972,-0.043020435,5.2885437,-3.06886,8.279075,-2.6986783,7.162944,-2.4532223,6.652361,-2.9387088,7.5732937,-0.5364325,3.4292803
clean_0002_0006_add.wav,-528.9059,145.81029,19.077559,42.60376,-0.6608711,16.910877,4.837546,15.040609,-6.425087,16.584007,-1.0700563,5.7657795,-3.4329386,8.849437,-1.9705502,6.373489,-3.0707908,7.289564,-1.9489614,5.5417337,-2.2119684,5.763914,-0.44805428,3.0702689,-1.7403646,4.8102226
clean_0002_0008_add.wav,-510.34518,136.65312,18.198809,42.075134,0.6828892,16.733223,3.5045123,14.85787,-3.7540898,14.691899,-3.797817,11.189172,-5.6581616,13.115668,-2.0128515,6.200507,-2.6502497,7.244578,-2.4244182,6.542913,-3.6226332,8.233918,-2.5079288,5.880857,-0.9759469,4.4711533
clean_0002_0020_add.wav,-516.9197,140.12473,16.354635,38.953632,-1.4317464,17.823421,4.181873,13.630489,-7.767725,19.391193,-3.0573716,8.39852,-3.118728,8.1783905,-2.3667805,7.027891,-4.031967,9.46772,-2.8902245,6.9882536,-3.2077022,7.838443,-0.56322426,3.226329,-2.2473392,5.2556605
clean_0002_0025.wav,-550.6733,142.12517,25.179508,49.47627,2.0039463,14.645837,4.4032044,14.508345,-2.049442,10.652845,-4.116365,12.731814,-0.99616796,5.8138804,-0.078379646,5.858212,-2.6211848,7.22206,-0.9715509,4.3367934,0.04718094,3.692063,0.2313536,4.1279407,1.0812038,4.183676
clean_0002_0039.wav,-528.56696,148.51862,17.21267,39.799747,2.6239014,15.167747,3.0516431,13.388049,-2.102216,11.131437,-4.8633523,12.877208,-2.4600258,7.721193,-0.34083182,5.883742,-2.4115756,7.291917,0.39233926,4.4255404,-1.5096774,5.242945,0.96071875,4.059739,0.29052737,4.4741645
clean_0002_0047.wav,-583.4691,151.0121,23.359703,46.830887,0.9100027,12.522617,2.5709953,13.370516,-0.83896166,9.16699,3.1646602,9.134501,-3.7494104,8.658205,-0.37964392,4.689701,1.2507648,4.991382,-2.2005002,5.5521407,1.2791921,4.298781,-2.2073655,5.1150737,0.25839475,3.6470494
clean_0002_0052.wav,-599.17053,158.96782,22.230518,44.959663,3.6740575,13.908299,4.559785,15.146619,-1.7788969,8.969331,3.8104782,9.292973,-3.955166,8.655965,-0.10329814,4.3342743,1.1545321,4.8849626,-3.3336651,6.9307337,0.6395875,3.8836172,-1.8411204,4.8973107,-0.8028817,3.661019
clean_0003_0004.wav,-532.97687,131.48311,17.16216,39.97865,2.1524808,18.767216,5.6631174,20.847975,-2.1404204,13.907706,-2.2577922,12.20127,-2.837238,10.092792,-0.81613284,8.97064,-2.5469692,8.171295,-4.269155,9.579244,-3.4036741,8.429164,-2.2348044,5.916928,-2.4283361,6.233244
clean_0003_0004_add.wav,-603.09906,168.70709,23.69321,48.06495,3.9347942,16.922886,7.2158914,18.510508,0.40649942,7.6202335,-1.4853785,7.2945604,-2.9820144,8.1493845,-1.305026,6.203437,0.15877093,4.92317,0.3575806,5.4961123,0.58255,4.2751913,0.7192065,4.4720063,0.69479287,4.2862124
clean_0003_0006_add.wav,-618.1632,180.62515,17.268574,41.367027,-2.4610958,16.594082,4.240059,14.442428,-1.5518798,9.747792,0.38128695,5.474487,-0.40157974,5.171213,-0.45540768,5.5265756,-1.481295,4.9613266,-2.1836324,7.1614213,-0.75241864,3.9308214,-1.599473,4.6320686,-1.2015196,3.5404217
clean_0003_0010_add.wav,-662.01105,161.11548,12.073853,34.726498,0.43291834,11.858163,5.8367085,17.445816,1.6114135,8.697373,-1.4053319,5.2871118,-2.421076,7.280564,0.15404229,5.0272946,-0.50275856,4.5280967,-0.935563,4.579935,-0.93436474,4.000078,-1.5010031,4.404868,-1.4971977,4.206803
clean_0003_0011_add.wav,-570.43085,170.05557,18.552437,41.51033,-1.7583019,16.268858,4.721541,13.419711,0.094715625,11.149612,-0.8355568,6.6182156,-2.5192435,8.897838,-1.624773,6.6852818,-0.04890308,5.2316127,-0.37023875,5.012828,-0.7826006,3.7588522,-3.0794332,7.232652,-1.7235185,4.7225833
clean_0003_0012.wav,-521.0944,128.1697,19.449596,44.439045,5.701985,24.022257,4.105203,18.40638,-2.5582182,13.340393,-1.0477705,10.759229,-2.7451181,9.539457,-0.96963507,7.3618956,-1.8460844,6.7294226,-5.038829,10.840239,-4.1712584,8.583929,-3.5082242,7.635308,-3.1077907,7.2767777
clean_0003_0017_add.wav,-566.5582,159.72313,12.939617,33.898037,-2.3872535,15.247848,5.944781,16.202827,0.44664046,8.192878,-2.2299747,7.3622074,-1.932108,7.118056,-0.86809385,6.2372603,-0.6038169,5.9595265,-1.3919886,5.9916344,-1.1995544,4.381152,-2.0193524,5.823684,-1.3133911,4.0229006
clean_0003_0021.wav,-538.6556,133.82048,19.28251,39.99161,4.665513,19.205723,7.823895,22.462883,-3.052249,13.744118,-4.255571,13.31447,-3.9422934,9.638957,-0.94255954,8.812528,-3.6147761,9.343752,-5.4845343,11.330347,-2.4748838,7.585214,-1.959011,5.469808,-2.2001348,6.368062
clean_0003_0045.wav,-537.744,125.1336,14.919041,36.595085,5.395051,19.919333,7.928993,21.088305,-1.7000377,13.076213,-2.2618783,10.593187,-3.0907855,8.793894,-0.89417136,8.923498,-2.565126,7.0140853,-4.405328,10.673495,-3.0614758,7.7278647,-1.4586111,5.2094746,-3.6002595,8.323135
clean_0003_0046.wav,-538.64374,125.6603,18.206682,41.977028,1.8602108,21.078506,6.6095867,21.842857,-2.4055912,14.446708,-1.1213082,9.139171,-3.6574595,10.293643,-1.480785,8.668255,-2.3919337,8.319906,-3.9613936,8.781842,-3.3280158,8.476883,-2.0261295,5.4656253,-2.5950751,6.7296376
clean_0004_0001.wav,-477.89566,132.85202,25.92302,51.651012,1.0156714,15.505628,5.3266068,16.6847,-2.0129423,12.226562,3.543673,10.328394,-1.5183688,8.125904,1.0489681,6.4336114,-2.7879996,7.3587737,-1.7485607,5.923515,0.9227432,4.7388983,-2.4134095,7.030076,1.9893346,5.8410516
clean_0004_0002.wav,-486.505,175.01685,22.950283,50.80756,-0.58397347,19.116077,5.4452014,16.394009,-1.922368,13.307382,3.028728,9.406465,-4.7048607,11.105932,3.9590678,9.189571,-5.267326,11.108042,1.1404244,5.4876523,0.2667002,3.9094572,-2.986689,7.7259665,3.0928392,7.771486
clean_0004_0009_add.wav,-582.90564,161.14711,18.494364,38.50404,1.6769828,15.2843895,8.840891,22.32523,-0.30684346,10.795202,1.0178925,8.40336,-6.1204753,12.473064,-1.7852728,7.3272047,-4.5017395,10.018519,-0.66203564,5.621978,-1.3912016,5.411198,-0.80590194,5.0959086,2.13208,5.923577
clean_0004_0014_add.wav,-580.6223,141.94801,18.57627,42.566475,0.156165,17.298052,4.6939344,14.119464,-2.5216672,13.112597,-0.67386675,6.972086,-2.9628866,8.646462,-1.017752,5.560213,-1.7139086,5.576822,-2.3625684,7.1447935,0.93210334,5.349788,-2.5058193,6.7191505,-1.3356528,4.5951834
clean_0004_0015_add.wav,-539.9377,144.14468,13.809537,35.283306,5.7856917,15.743724,8.367907,20.62811,-2.9002795,14.07708,-1.165625,7.2374806,-3.317469,9.908054,-2.8002625,7.6490054,-2.1026483,6.3888526,-1.3822451,5.921712,-1.743916,5.594904,-3.4874008,8.060216,-1.0762725,4.245568
clean_0004_0016_add.wav,-589.8693,133.13304,14.8445425,36.411148,0.6539226,15.366723,5.550267,17.358675,-1.06957,8.658434,-2.1894903,8.4458,-4.147384,10.225664,-1.2129358,5.9142604,-3.3656304,8.688775,-1.7699126,6.015818,-0.3488822,3.9350686,-3.1680942,8.140326,-1.9361631,5.441
clean_0004_0020_add.wav,-554.00854,149.93991,21.086018,40.98461,-0.6123608,18.782183,11.396841,23.93218,-4.176065,14.37867,-5.6830387,12.207434,-7.213835,14.239088,-2.589161,8.117775,-1.5463125,6.596591,-1.2952048,5.7503967,1.6856813,6.1185613,-4.9795985,9.816751,-0.83601946,4.5278788
clean_0004_0022.wav,-479.61,159.12637,20.533531,47.89836,4.243157,20.756699,4.008326,17.175419,2.7718627,12.324623,0.3850491,8.238603,-2.1190233,9.564007,1.993807,7.262106,-2.3907294,7.9181776,0.47967815,4.1697884,1.128221,4.5886436,-2.2586596,7.6547327,2.7219112,6.7845554
clean_0004_0037.wav,-462.63174,150.14308,18.047007,42.552387,4.940311,21.445986,3.6193287,17.266857,2.8181734,13.028445,0.3056303,7.7436533,-2.7887082,10.233938,0.673805,5.246751,-2.4237528,8.195039,-0.29409692,4.2823462,1.1397666,4.2968907,-0.9682133,5.2531614,2.288062,6.6506133
clean_0004_0051.wav,-469.51474,168.36205,22.623356,48.7201,1.167735,20.192219,4.30918,14.301838,2.1322808,12.041119,-0.37663442,8.404019,-1.0762311,7.099138,1.2944434,7.5953097,-2.3366034,6.839903,0.6653779,3.7761257,0.41758665,4.216209,-0.6843315,5.083668,2.9979954,6.85777
clean_0005_0001_add.wav,-536.2768,146.2101,12.313123,33.335735,-1.8394347,15.405872,2.9944155,12.514985,-1.563086,9.867964,-2.8390944,9.469499,-2.0691447,7.3328505,-1.8101611,6.2217836,-1.3257042,5.6177473,-0.8706793,3.9918678,-1.5487024,4.727072,-1.5451216,5.294774,1.1119834,4.5538354
clean_0005_0005_add.wav,-528.7913,168.95395,20.367802,42.27616,-0.2569797,19.907276,4.9960723,17.123016,0.18650037,10.590124,-8.67808,17.541906,1.1088798,6.5618205,-3.5523992,9.003771,-0.86321,5.720734,-2.2143452,5.641831,-2.5621014,5.8423386,-2.6829603,6.4106035,-0.18665305,3.9342601
clean_0005_0007_add.wav,-497.00467,121.66958,11.704063,31.272629,-0.20155203,14.834488,0.5941803,14.801153,-0.6305261,8.792714,-1.6438925,10.309483,-4.9021716,13.447985,-1.6530099,6.647545,-0.5494759,5.6689024,-1.8109556,6.519444,-0.55073804,4.0477457,-0.44501105,3.6424053,-1.6800358,5.770996
clean_0005_0014.wav,-572.7029,111.53328,11.535033,37.43386,3.7083004,21.441685,8.404803,23.05082,-5.200075,15.84177,-3.0410264,9.676448,-4.8380547,12.038722,-1.2053611,8.0474825,0.34955513,4.972463,-3.1875527,8.370624,-1.9231678,6.6568303,1.6549779,6.4050655,-1.2242278,5.001678
clean_0005_0016_add.wav,-503.48135,149.48035,18.660032,41.627148,-0.47809607,17.810268,0.020420076,15.370593,-1.1869674,10.597107,-5.597051,12.8421135,-0.80545664,6.083966,-4.220347,9.696238,-1.8567257,5.779621,-2.5963533,6.854329,-1.6368599,5.411882,-1.0929372,4.2697873,-0.109880134,4.2302074
clean_0005_0019.wav,-575.3059,133.305,14.7254925,38.881718,5.559949,23.16665,9.860269,23.945244,-6.2300024,18.981169,-3.8081136,13.105226,-6.716788,14.329957,-0.45677164,7.3508205,0.6813048,6.388804,-4.013908,9.420486,-2.69567,7.780749,1.9997821,7.3913975,-1.7687923,5.7454624
clean_0005_0019_add.wav,-536.8186,144.63916,12.355115,30.880621,-0.8453337,15.688406,3.6076329,14.502004,-0.97987866,10.33028,-3.3635437,11.031172,-3.1295428,8.97935,-2.0643222,7.491812,-1.7706465,6.8742547,-2.3246617,6.215641,-1.6710778,5.279156,-1.1481739,5.027828,-0.6396843,3.5030375
clean_0005_0039.wav,-578.769,146.00755,15.48638,42.67613,2.0451887,24.254446,10.039926,24.158424,-6.318288,18.920292,-4.044166,12.592219,-7.0055246,14.396156,0.06722628,7.939301,-0.46940863,6.6102834,-4.173016,9.478001,-2.0639877,7.5009093,0.41869813,6.530585,-1.2736264,5.7345285
clean_0005_0043.wav,-620.5906,151.38963,14.476899,42.08148,4.844318,22.084555,8.799524,23.868511,-5.9178724,18.501785,-5.068669,13.306175,-4.7432556,11.123646,0.56913215,6.7631574,-1.4307518,6.2723403,-3.928011,9.607694,-0.6312622,6.5351443,0.27621722,6.7892413,-0.79294765,4.601756
clean_0005_0049.wav,-569.9997,126.55251,13.975982,42.185627,2.328337,22.261644,6.579706,19.876608,-8.476728,22.089476,-4.1719975,13.067753,-4.0283923,10.494014,-0.04379786,7.3735647,-1.4791886,5.442121,-3.5192122,9.091923,-0.19741489,4.65205,-0.9630136,6.025925,-0.18396915,4.198151
clean_0006_0002_add.wav,-501.7756,148.71428,24.6459,45.822685,12.436928,24.417646,2.5661376,17.51619,-6.1989822,14.6845665,-1.8700526,8.191513,-3.019049,8.077005,-8.852626,15.938841,1.9938644,7.7604127,-3.4559793,7.4042954,-6.7085366,11.364557,-1.2216964,6.782203,-0.26618698,4.9490304
clean_0006_0004_add.wav,-544.6959,171.39645,17.312956,41.110188,1.8559326,11.718143,6.5671124,18.814196,-2.9571536,9.588632,-4.2850304,11.403735,-2.4209495,6.9522166,-2.8027675,7.829507,-1.2064494,6.119956,-2.1363745,5.881937,-0.6388335,4.357376,-0.4144291,4.7991443,-3.7588394,8.506104
clean_0006_0005_add.wav,-550.59894,148.50978,10.871294,29.667715,5.4977565,17.422783,3.727014,12.330609,-2.390956,9.588354,-2.5887988,8.829412,-1.313327,6.6787763,-1.6588973,6.9462595,-1.9022455,6.379468,-0.7549021,4.126883,-1.7260836,5.492653,-1.476946,5.2982736,-0.8246027,3.9515402
clean_0006_0015_add.wav,-553.7246,172.31638,13.487398,32.49251,0.49019676,13.755464,4.223234,13.2306,-1.6147902,7.765306,-3.7682488,10.549435,-4.629532,11.062641,-1.7973742,7.247777,-2.6275964,7.8879237,-0.76794535,4.9938374,-1.9060607,5.735401,-2.6328006,6.7235947,-1.2169764,4.651743
clean_0006_0020_add.wav,-571.2143,150.70346,16.711685,40.979992,5.553341,16.954819,0.86533433,12.49439,-5.326477,13.10353,-0.6946559,6.6427126,-2.2334464,6.940463,-4.321206,10.425421,0.22082853,5.7790856,-2.3194418,6.2612615,-1.8489711,5.787743,-2.738706,7.684392,0.39672717,3.8429208
clean_0006_0030.wav,-574.56244,160.28864,15.956874,37.578938,-0.20883085,17.990082,5.803764,16.361465,-2.785909,10.45948,0.31283915,6.623248,-3.0554543,8.691558,0.4385041,5.2101336,1.4028674,7.138004,-1.6662303,4.6143007,-3.476996,7.433759,-0.834625,3.6910045,-1.2352953,4.396024
clean_0006_0040.wav,-553.13495,171.72736,12.966865,32.427666,1.0272049,14.940804,4.2660375,13.814064,-2.0798638,10.389821,-0.3369901,6.130582,-3.9097528,9.763599,-0.243668,5.03962,0.5463937,5.799384,-2.2473874,5.8251705,-3.2233264,6.870584,-1.0808414,4.344901,-1.6549886,4.572986
clean_0006_0044.wav,-562.53534,172.15198,15.268592,37.456333,1.419941,17.104761,4.4054537,13.635233,-3.3839529,10.702002,1.1133219,8.188555,-3.1156337,7.7792068,-1.3181977,6.8281355,-0.33521762,5.3833027,-1.7515637,5.418477,-2.595749,6.7061043,-2.6119952,7.129539,0.08492865,4.029878
clean_0006_0046.wav,-544.6062,175.53864,13.225369,38.82001,2.7036712,22.24603,5.082832,14.981522,-3.2589874,13.531938,1.3681356,8.953146,-2.7037523,7.392993,-1.2952275,5.6977496,-2.4105954,6.8304667,-2.8843293,7.8411913,-2.1669316,6.215186,-1.251103,5.23109,0.15983939,4.178598
clean_0006_0051.wav,-576.2491,171.1991,11.898306,36.452923,0.44427422,18.002659,1.8692031,11.671234,-2.6392417,10.658167,1.3365262,7.125148,-2.6581569,8.688076,0.33766004,5.505893,-1.4578091,4.962186,-2.345738,6.274633,-1.9236765,5.478657,0.37733868,3.4550872,-0.31076318,3.7236938
clean_0007_0006_add.wav,-494.05002,126.492355,16.34967,46.212738,6.4428678,24.361568,3.238744,15.998835,-5.7087483,18.17915,1.6553811,10.527096,-4.096485,11.174952,-5.5660043,12.823248,-0.28706104,6.015472,-1.8743047,5.9098735,-3.8109474,8.439503,-3.4778078,7.806546,-2.0365045,6.0032535
clean_0007_0012_add.wav,-493.7835,129.48347,22.852211,49.7325,9.264557,26.23847,0.4867906,18.871,-6.911454,18.722635,0.13323385,11.163639,-4.291367,10.973828,-4.063316,9.861521,-1.8140703,7.249554,-3.767766,8.10669,-2.9139786,7.6916976,-4.804793,10.142139,-0.7121893,4.8327785
clean_0007_0016_add.wav,-477.13303,125.53661,19.145088,48.729042,1.9768138,22.909143,1.683953,16.638336,-5.1920457,14.782963,-4.7856855,12.029452,0.3036586,6.6307254,-4.902715,11.889688,-2.2641037,7.1144495,-1.3741851,5.264413,-3.7740383,8.400165,-2.1099484,7.640376,-2.3074138,5.4864383
clean_0007_0018_add.wav,-509.23932,138.97821,19.206028,50.46496,7.835063,29.637312,-0.7109116,17.655237,-5.9103174,17.315077,2.1616566,10.484376,-4.8502474,11.364228,-2.2843356,8.769691,-1.6884903,7.0210953,-2.392551,6.4447136,-2.8373306,6.929185,-4.212816,9.423961,-0.9667742,4.1294236
clean_0007_0020.wav,-528.1701,174.04102,19.085915,40.393646,4.239769,21.795385,3.3225775,15.401546,2.662053,11.322601,-4.4024444,12.254674,-2.7514808,8.784151,-0.4997403,7.376212,-1.4829978,7.699605,-0.60348165,5.35617,-1.3061972,5.05107,0.043661676,5.2220497,-1.5348383,5.071363
clean_0007_0020_add.wav,-536.34186,129.78284,15.425799,48.01001,7.7550483,24.845066,6.2726765,23.67184,-5.289855,15.909495,-3.0609865,10.532353,-0.7294184,7.1337476,-5.5923877,13.095573,-0.8801385,6.346575,-2.5446668,6.6104593,-2.9660528,6.9425974,-2.2274022,7.090372,-2.52371,6.4530735
clean_0007_0025.wav,-491.20297,144.06038,14.298465,40.312508,2.9879503,18.355215,0.73356974,8.675873,-1.0700727,10.965065,1.4830999,8.791953,-2.132236,8.561113,0.1984086,5.7549148,-1.8661131,5.847044,-0.7366461,5.5310383,-1.6053599,5.8501034,-0.25531396,4.392314,0.1492379,3.767442
clean_0007_0031.wav,-563.4175,137.12628,13.178113,36.942303,5.4510765,19.487383,4.4692435,15.091286,-0.66887575,9.252271,-0.00545813,6.4383955,-3.2073517,8.852186,-2.079137,7.9601984,-2.2570665,7.253075,0.2626511,4.4437723,-2.203746,7.028506,-0.8150465,5.3648343,-1.9214532,6.195996
clean_0007_0042.wav,-568.1925,135.91835,19.410757,43.109528,3.2249622,17.188633,5.139768,14.53675,1.3237691,9.539679,-1.0222423,8.101357,-4.2901244,10.508638,-1.2835675,6.3829937,-4.345695,10.620449,-0.53684044,4.9680953,-1.3337234,6.1489396,-1.8559594,5.808309,-1.4973388,4.6278467
clean_0007_0054.wav,-539.84564,132.23438,17.418678,39.08751,6.5654793,19.117554,4.9283385,16.396046,-1.356857,10.733221,-1.2496486,8.217268,-2.4992554,8.404496,-1.4148995,9.19762,-3.8225236,9.256815,-1.1256244,5.3533087,-1.8888626,6.160803,-2.6871274,7.4278426,0.37567937,4.7393365
clean_0008_0006_add.wav,-548.71045,146.06747,16.140284,43.384724,4.499678,19.562645,3.4024303,17.982454,-3.138481,11.165922,-1.5178509,8.954547,-3.2750266,8.412881,-1.3157539,6.631594,-3.9858403,9.439632,-2.5629928,6.7988257,-2.5520818,6.4678793,-1.2272085,5.7064614,-1.092564,4.827332
clean_0008_0008_add.wav,-559.53125,159.37558,14.8511915,43.036465,0.8266092,19.258533,0.67827314,15.848936,-2.9898376,12.510323,-1.6979631,8.173826,-2.453864,7.4199433,-1.4407728,6.3657274,-2.0676668,7.402017,-2.712049,7.949356,-2.1062675,7.0786333,-1.2329742,5.344872,-1.1668105,5.0097456
clean_0008_0013_add.wav,-566.78156,157.26352,19.80619,47.28693,4.693011,23.348812,2.3852584,15.769613,-5.5239816,14.40299,-0.14548182,7.3028126,-2.7867258,8.830867,-4.2832217,10.882151,-2.1838343,7.301684,-1.9161661,6.7387295,-3.3503282,8.082161,-1.6927425,5.8210955,-1.2971483,5.1121984
clean_0008_0015_add.wav,-567.8466,149.60773,19.87062,46.438587,6.530886,19.486422,1.3381692,18.197105,-3.0312681,11.805538,-1.1616606,8.257901,-3.9725614,9.419869,-0.4177598,5.8888755,-4.2885966,9.964513,-1.3150347,5.733147,-3.187375,6.8031754,-2.096293,6.0253263,-0.6043526,5.011001
clean_0008_0017_add.wav,-584.2172,129.3609,25.336412,51.555225,7.373355,24.97428,3.4799116,18.600142,-1.0131711,11.363761,-4.697768,11.398989,-3.7247481,9.850237,-1.6327629,7.9384727,-3.2248273,8.588754,-2.4029222,7.035664,-2.1991036,6.2218122,0.00972021,5.2464848,1.513908,5.6398716
clean_0008_0034.wav,-551.8146,115.90102,17.029453,44.006725,-0.12696144,21.185734,1.0809541,17.659304,-2.874924,12.510347,-5.1190786,13.479148,-4.234828,10.702185,-3.2765484,9.242055,-3.4585204,9.409352,-3.11156,8.981407,-2.7201123,8.701038,0.59270436,6.1279488,-2.9680343,7.3604255
clean_0008_0038.wav,-566.63605,117.03751,17.862423,45.777546,0.90154475,19.855938,-1.494742,14.803767,-2.4897838,13.7014475,-4.2601247,11.385628,-4.9906125,12.840617,-2.6295867,9.885256,-4.3372154,11.040155,-1.7034243,6.247018,-2.5532908,7.03108,-1.6979458,5.5681086,-0.4469393,4.671992
clean_0008_0039.wav,-546.843,103.41529,20.128918,48.482227,1.139734,24.791468,-3.0873616,16.82271,-2.1007478,11.0577,-7.036728,16.855204,-3.854873,10.787917,-2.3770115,8.560029,-3.302755,9.582096,-2.782286,7.435264,-2.0632315,7.3754253,-1.556263,5.8803773,-3.347234,8.509297
clean_0008_0042.wav,-567.9075,122.499306,21.403976,50.50769,-0.039606653,24.904484,1.4392985,17.508905,-1.0183785,10.623093,-8.27143,19.08224,-4.207777,10.856718,-3.7481349,10.485552,-4.7778225,11.672622,-1.6925403,6.710544,-3.8066573,8.995882,-1.045606,5.5252056,-2.121417,5.8420644
clean_0008_0053.wav,-585.93317,109.1632,22.569752,50.1239,0.96830815,14.706132,-0.19853643,19.965435,-0.37184137,10.637334,-6.0394487,15.565564,-2.4461935,8.66732,-5.9479494,13.767895,-3.1023676,8.596877,-2.385951,7.0811863,-3.7991064,9.5434675,-0.97426254,5.6699443,-1.5975466,5.781036
clean_0009_0001_add.wav,-589.8155,109.146835,17.952003,46.78165,2.0284822,13.021773,1.6116904,12.730197,-2.091342,7.530752,-0.72007877,7.0436635,-0.7690811,5.202347,2.1685526,6.544957,-3.5217648,9.136044,-1.7254928,5.2913246,-3.3315437,8.842843,-1.0523782,4.3513923,-0.5231023,3.1328583
clean_0009_0003_add.wav,-576.9553,142.10701,25.452528,58.98158,0.68077457,17.845636,-2.0497262,14.065986,-4.2138205,11.734336,0.07663678,8.300718,0.09892273,5.477286,-0.8442775,6.348109,-4.238638,8.968952,-2.2783117,5.910333,-4.186715,9.479758,-0.8215419,5.041526,-1.3097659,4.721801
clean_0009_0004_add.wav,-605.1445,140.89128,18.861172,47.992073,3.345853,16.194115,2.5935333,15.0871105,-2.3398786,8.869772,-2.2678282,8.589393,0.63944536,6.105641,-1.6260285,6.3759627,-1.4511516,5.5607915,-2.502266,6.3763967,-4.3265805,9.974579,-1.2116098,4.4884286,-1.2083493,4.5747485
clean_0009_0006.wav,-538.0664,153.97435,27.682865,47.45317,0.9470831,18.742506,8.632456,20.347275,-1.1620895,14.926912,4.5792365,11.160939,0.9560046,7.5354123,3.124257,8.273242,-1.3398669,8.260425,2.1420243,5.3994656,-1.199998,5.762232,-0.11286882,5.308833,0.86336344,5.273833
clean_0009_0008_add.wav,-578.2338,142.3415,23.73554,49.450626,7.1700535,18.275629,9.128818,20.495544,-7.116475,15.963684,-3.4624646,9.910168,-0.007593269,6.7271147,-3.0596156,8.147381,-2.0386024,5.891131,-4.163344,8.639379,-4.2925563,9.318436,-2.3209965,5.5616918,-2.235312,5.435284
clean_0009_0017_add.wav,-565.7035,133.12343,10.880398,36.12251,2.122095,14.638282,-0.4657513,9.891926,-3.5187254,11.88018,-0.10104895,6.6754413,-1.5240473,5.8303146,-0.6205025,6.479297,-2.007646,6.4132347,-0.5427426,4.057496,-2.1086698,6.9818087,-0.72523177,4.211335,-0.9916396,4.314717
clean_0009_0019.wav,-510.97537,164.09323,21.87225,44.87504,-2.292913,19.431046,9.45306,23.691261,-3.65694,12.646801,1.2608923,8.657952,-1.7911328,7.9169927,2.1139035,8.205199,-2.2709627,7.219537,0.4915509,4.86353,-2.1994903,5.9901743,-1.9127498,6.49106,-0.18420976,5.199756
clean_0009_0021.wav,-545.83435,147.94914,22.369198,43.832417,-0.32314676,17.54049,6.3948865,18.595028,-2.3576791,11.570512,1.2263916,9.3046875,-1.252577,7.3771152,2.0909648,6.897087,-1.605469,7.1386,0.7780924,4.5621443,-0.5734542,4.1653223,-1.7268742,5.3964996,-0.36964917,3.8086333
clean_0009_0027.wav,-560.9536,152.53624,19.658028,45.4324,-1.5579596,20.47756,4.8068748,16.939695,-1.7142882,10.3324585,1.9304428,8.582872,0.44418412,7.495972,1.4070648,7.0350266,-1.9755406,6.905919,2.1349542,6.3632164,-0.7831766,4.2435994,-1.3397083,4.6199856,0.73644656,4.771638
clean_0009_0050.wav,-559.2361,162.87859,28.304296,49.12288,-1.763749,18.48397,7.2899704,16.98866,-1.1996626,11.840291,1.7670906,9.378145,-0.08216644,7.896143,1.5583898,6.8556557,-0.5502491,6.84262,2.5310204,6.4625735,-2.3382025,7.1840906,1.1129392,4.3466687,0.63777345,4.4137993
clean_0010_0001_add.wav,-518.9804,154.26755,24.259842,49.573635,-1.5590514,23.690216,2.1225886,18.999651,1.2008711,11.01217,-2.108868,8.419339,-4.713173,10.955363,-3.752106,9.917561,-3.1338012,9.178867,-1.3236198,5.0472293,-2.8960376,6.7766237,0.74886376,5.078547,-0.8765024,4.921992
clean_0010_0002.wav,-495.00626,150.01321,18.548025,40.577263,2.4748545,23.887934,8.216759,23.051918,-7.1351757,17.84184,-2.4602854,10.296832,1.3598604,8.077789,-6.657252,14.179861,-4.9790545,10.540588,1.4617128,6.3328276,-2.542095,6.4186625,-0.363781,4.3947105,0.8376727,4.9087605
clean_0010_0011_add.wav,-580.26154,126.22615,14.330565,41.017235,1.4553673,14.822233,0.11100112,16.263802,0.48155057,8.423959,-0.080026396,6.403677,-1.7859008,6.823249,-2.9712296,8.874079,-1.8375385,7.315233,0.18448025,3.5086057,-0.9994411,3.8610437,-0.64381605,3.8229601,1.027699,3.829051
clean_0010_0012_add.wav,-529.17896,131.1435,17.139328,40.444122,5.182779,20.0651,2.1137817,17.837074,-2.279559,11.661683,-3.652749,9.776965,1.2383335,7.776787,-6.082246,14.232113,-0.827152,5.073678,-0.060082987,4.0707335,-1.2971308,5.3918166,-0.8260567,4.55196,-0.9979462,3.577737
clean_0010_0018_add.wav,-563.9443,98.086235,6.659577,26.94368,2.861335,15.25742,-0.025632275,13.7958,0.906103,6.720918,-0.51301533,4.8256083,-0.80959445,4.235867,-1.6356698,6.7745852,-0.5182316,4.5822616,-0.5187079,3.4521186,-0.29341894,3.128416,-0.3657141,2.4950645,0.29688168,2.0615258
clean_0010_0019_add.wav,-558.51587,160.42778,25.147665,51.884796,-1.275113,20.90983,3.925364,19.650517,-1.4325451,12.187317,2.4747944,10.36639,-3.7199047,10.486089,-3.3420672,9.129424,-2.3648887,8.067665,-0.31717914,5.3292046,-0.98774564,5.0216904,1.286816,5.7157483,0.160666,3.9782796
clean_0010_0030.wav,-486.4692,136.97047,22.218634,41.83574,-0.6630625,21.187628,4.5737467,19.298819,-2.3611312,14.660175,0.932012,9.70463,-3.2711275,10.860462,-4.653928,11.788384,-3.1677341,8.859759,-1.6008664,5.5469604,0.85391986,5.425087,-1.6157739,6.0837593,1.7957915,6.6579227
clean_0010_0033.wav,-476.3492,133.16927,25.420156,48.614235,1.3902113,22.570408,3.0675962,20.662043,-7.030026,17.970787,1.2185365,9.570331,-2.69355,9.912317,-6.823067,13.696797,0.85488355,8.240505,-3.3687613,7.674991,-0.7892097,6.3051143,-1.5357461,5.471232,2.7138014,7.4453635
clean_0010_0035.wav,-485.20157,126.21854,18.798775,43.12773,-2.2467747,23.564795,6.0595865,21.551035,-2.918084,14.644078,-0.033175725,8.242397,-0.74091595,7.080696,-5.310687,12.049687,-2.9959455,8.486402,-0.9316418,5.733799,0.28050047,5.383187,-1.5707977,5.7606826,2.6785202,7.3176975
clean_0010_0039.wav,-493.4812,143.34758,30.22855,54.05368,-2.1738882,25.949558,0.85098964,17.121874,-7.038537,17.203438,0.6764808,9.027391,-1.3128238,7.1364202,-3.6639059,10.478222,-0.9321608,5.963943,-4.393447,8.526238,-0.35155532,5.745488,-0.9991007,5.022839,0.4815469,5.486153
0001_0002.wav,-571.5254,136.31306,65.63505,68.25601,5.4777536,25.888075,9.327977,22.8489,-4.332336,18.90643,-3.2423043,13.500704,-4.145658,12.202959,1.6555052,11.106377,-2.284441,8.380291,-2.2353518,8.659192,-5.2869616,9.91583,-2.260403,8.34735,-1.5782925,6.960923
0001_0004.wav,-552.3061,143.77051,55.328693,63.171036,-5.296814,31.809925,6.411761,24.444254,-2.0436845,15.220878,-6.5660744,15.466996,-7.684506,16.311558,-0.5967658,10.375211,-0.30381155,9.673159,-3.2889698,8.10023,-6.031623,11.134241,-3.2412403,8.029881,-5.304717,10.999897
0001_0005_add.wav,-489.4598,173.08073,29.14451,47.849766,-2.2822757,27.610697,3.2103655,21.285152,-7.675544,16.67248,-2.8473895,12.508417,-8.404645,16.404339,-2.620357,11.830442,-7.253779,12.620581,-3.5618644,8.601564,-3.9141436,8.004697,-4.352578,8.473011,-3.231758,7.9997272
0001_0011_add.wav,-517.54517,168.08345,30.712572,54.97304,1.856638,22.325285,-1.5018826,18.31801,-6.3228173,14.927112,-3.0559764,11.962737,-6.763756,14.27033,-1.790221,10.145245,-4.439811,12.427054,-3.22378,8.304471,-5.212507,9.332091,-3.3350813,6.854847,-2.4292493,6.519521
0001_0014_add.wav,-502.3481,166.75826,29.972046,55.809353,0.021957884,24.754444,3.7264264,24.3507,-9.165803,19.53438,-1.2912836,12.466749,-7.283582,15.33019,-4.31991,12.071872,-4.710314,13.163812,-4.969601,10.207994,-4.6522503,8.91705,-3.517422,8.188906,-3.5388987,8.104037
0001_0015_add.wav,-484.53717,168.85211,27.344606,47.026665,-0.9515028,24.991398,5.0855303,19.949043,-5.9967036,15.036582,-1.6082515,12.406818,-8.007481,14.906225,-2.79846,10.485334,-5.7580504,13.03421,-3.5780308,7.8537073,-3.804774,8.492332,-5.228819,8.987516,-3.956812,7.4323463
0001_0017_add.wav,-455.92236,166.41422,22.981647,52.34699,3.356446,24.373045,6.578932,22.159763,-3.386561,14.857993,-6.4684496,16.179932,-11.438556,17.730854,-3.453953,10.111597,-4.010787,11.289689,-2.49431,7.0826325,-6.9331703,11.026755,-2.7420127,6.869632,0.32947227,6.1113067
0001_0019.wav,-570.97925,145.09293,56.11644,60.775078,-2.1216743,30.622368,8.03266,23.263823,-1.7609361,15.156122,-0.5536853,11.727344,-6.4670277,16.015842,-2.7986317,10.776776,-1.7203264,8.340803,-0.5006608,7.8894134,-5.0519056,9.961701,-1.3108099,7.8704004,-3.1052997,6.758406
0001_0030.wav,-542.0839,132.95644,54.837738,60.373306,-1.0021784,29.112604,7.5422397,23.137917,-1.3166944,17.478918,-2.957446,13.852988,-10.169277,19.345652,-1.8714226,10.330427,0.4539675,9.519942,-0.19087368,9.295723,-7.7104073,11.05909,-2.740338,8.153574,-2.5745711,6.1614037
0001_0046.wav,-567.01355,141.08522,44.40208,56.24228,1.2991837,28.795162,6.828486,23.975023,-3.6303623,17.600237,-0.482122,11.519266,-5.7992263,14.652267,-1.7536108,9.988652,-2.1633165,9.486077,0.7828093,9.122741,-6.788154,11.507795,-1.9181569,7.410187,-1.1767889,6.040358
0002_0001.wav,-421.90152,152.00053,60.19237,55.755997,-13.502356,21.348192,2.7421005,16.133429,0.44762203,13.121618,-2.513254,10.962521,-10.6200905,13.290562,-0.9252052,8.555257,1.1911767,6.994144,-2.1849492,6.6240706,0.8880142,5.8985314,-0.09657527,5.8013854,-5.6872654,6.9473753
0002_0002.wav,-408.9125,172.27988,58.52054,56.46983,-19.395212,24.787266,3.1770508,15.15291,1.8187296,13.757821,-5.5854087,11.608059,-12.897836,13.752105,2.6096056,9.446183,-0.04905884,8.439167,-2.8782957,6.553626,0.77713996,6.1790404,-0.23691718,5.609551,-4.8128705,6.6450334
0002_0003_add.wav,-458.62393,145.73032,40.97151,54.85338,-0.087616876,23.572407,5.812999,17.125402,-9.279371,19.143637,-5.460739,12.618798,-7.761948,13.118266,-5.3870926,10.264215,-8.793256,12.425216,-6.6566033,9.725009,-3.3846564,7.0472217,-1.2282597,7.80074,-4.7839713,8.281465
0002_0004.wav,-502.65707,179.11159,44.82277,53.9498,-11.037198,19.968723,2.7396493,13.326684,0.48148042,12.175116,-1.4595585,9.956084,-6.4067497,10.837583,2.1089463,7.1139865,1.2091926,5.2050385,-4.112431,6.432355,-2.733516,5.4290147,-2.0642788,5.1091814,-5.5933323,7.1906686
0002_0007_add.wav,-463.7732,148.7941,39.178665,52.246437,-0.040147305,22.765406,9.985514,18.772396,-9.2597475,19.248577,-6.6658044,12.579006,-9.669135,14.38341,-3.4742317,8.312536,-8.514948,12.765707,-6.8713245,9.447587,-4.0387588,6.7517157,-2.274142,6.616159,-2.9427042,6.2604513
0002_0008_add.wav,-466.95627,163.8497,38.218052,51.37012,-2.8781557,26.8622,6.901536,16.956308,-8.560946,19.8223,-4.016039,10.897255,-8.707503,12.742153,-3.0172296,9.07517,-4.953209,8.279664,-9.108848,11.930296,-4.5219526,7.569106,-3.3309703,6.860358,-2.7128258,5.2605195
0002_0010_add.wav,-475.34213,134.43567,37.92048,51.157337,1.2206274,26.602448,6.2423043,17.486977,-8.80073,19.97206,-6.0292797,12.665385,-9.850285,14.07451,-4.0236163,9.200243,-5.1556196,8.965452,-7.806061,10.535836,-3.369368,6.6817293,-1.3385721,6.0369554,-3.3417134,5.957494
0002_0016.wav,-451.9475,164.80031,53.09326,55.603714,-13.6261,22.09981,4.925394,14.629124,2.06423,14.291633,-2.4281054,10.971772,-10.945452,14.420343,1.3922774,7.1559978,0.5029842,7.38503,-2.2763646,5.98482,0.7462439,5.4124675,-1.0082355,5.477091,-3.1804006,6.14696
0002_0017.wav,-451.20462,172.6353,55.179047,55.629807,-17.52502,23.217512,1.5874339,12.958903,3.9995942,12.812424,-3.274361,11.017341,-12.382807,15.062569,4.198058,7.774874,0.9893394,6.999812,-3.3729172,6.875969,0.687511,4.7930026,-2.370722,5.0358906,-3.6147845,6.280099
0002_0020_add.wav,-455.11032,133.30882,40.23796,53.77872,9.44358,23.898216,5.867201,16.674393,-7.602299,20.156876,-0.51383007,11.122415,-4.1882873,12.744563,-1.2551013,9.523806,-2.3622322,7.623839,-3.6372385,9.382622,-2.6872268,8.231029,-0.014909829,5.4557724,-2.7502315,6.6255736
0003_0005_add.wav,-500.6744,176.70512,30.395945,44.599792,-3.1552544,19.826923,12.114589,23.421717,-0.30659494,11.608422,-2.3178484,9.160834,-1.8995559,8.206109,-1.84516,8.304922,-2.4801366,9.286333,-1.3645726,6.772499,-4.3520637,8.041674,-2.604032,6.355756,-2.751454,5.2911487
0003_0007.wav,-557.26965,152.48349,38.44264,59.09255,5.5062213,23.08366,-0.76808846,18.765783,-4.3907847,18.279556,1.7500607,13.164722,-5.7839174,12.520916,0.49220124,8.0445175,-3.8894615,9.213136,-0.3588587,6.068439,-3.0152502,8.145593,-2.570513,6.60264,0.6299441,5.142624
0003_0010_add.wav,-545.198,205.629,31.38335,44.69109,-3.05033,17.015043,11.1853285,21.158653,-1.8998841,9.302494,-2.7023807,8.798357,-3.2482443,8.943645,-0.45361036,6.6535163,-0.57037574,5.745049,-0.83871794,6.427063,-2.650602,4.8588743,-2.4631703,6.4063535,-0.7128111,4.106815
0003_0012_add.wav,-467.06293,158.52563,37.71683,49.270077,-4.349847,20.57764,10.684448,19.339159,-2.7367837,13.238037,-2.8884187,9.741718,-0.12422453,7.869932,-1.9546133,7.710439,-2.2416677,6.571986,-1.6161256,7.113113,-2.178018,5.614145,-2.7122567,6.5169907,-1.9943055,6.0781145
0003_0013_add.wav,-503.85297,191.28629,41.078392,49.861397,-8.389506,21.487934,10.057712,19.377619,0.3356309,11.192649,-2.293491,10.46161,-5.4602966,10.195503,-3.0917056,9.509024,-2.6853542,7.16842,-1.1843214,7.429106,-0.6977737,4.880567,-4.331132,9.4327135,-3.4170275,5.6551795
0003_0014_add.wav,-506.38596,177.63661,34.711143,46.498093,-7.079195,21.071976,13.057591,22.237637,-0.9253906,11.840706,-1.1353464,7.5633955,-2.398213,8.180851,-1.717886,7.817911,-0.4735415,6.8576717,-1.5209299,7.4822583,-2.5444398,5.2793007,-4.138635,7.624263,-1.4269584,4.796475
0003_0032.wav,-541.7039,130.31505,42.251904,60.98546,9.572746,24.920877,1.712943,19.328388,-5.1879077,18.651434,5.0562677,12.902924,-9.7858515,15.981428,-2.6881628,9.384679,-1.9066371,7.403694,-3.7620928,8.132259,-5.2211695,9.8154955,-3.6823075,7.15458,0.30972576,4.8547425
0003_0044.wav,-543.15704,132.1893,39.334663,58.26666,7.186789,22.332447,7.4424253,20.198444,-5.493978,17.92145,-1.2183206,10.840809,-5.174743,12.114498,-1.9548575,10.120778,-3.5947273,8.933857,-3.453443,7.4239774,-3.4651985,7.6242056,-2.8779874,6.9629936,0.86217517,4.8393307
0003_0045.wav,-526.3023,139.71164,44.472263,64.92262,5.4856997,24.221945,4.889471,23.561977,-6.286146,19.748156,0.71803504,15.175122,-4.839463,11.31908,-2.5785232,8.219871,-3.619687,8.270769,-4.6256433,8.923892,-4.2507715,8.257432,-2.4862363,6.6175456,-0.2611116,5.213778
0003_0049.wav,-534.8712,141.99916,37.104713,55.498955,5.37123,22.980028,4.409829,20.631071,-7.444651,19.360476,0.16467339,11.940063,-5.0171075,11.626064,0.2094592,8.753312,-2.2418368,8.125409,-4.538628,9.213302,-3.5028303,7.908543,-1.8530993,5.7556024,-0.49917638,4.9499474
0004_0001_add.wav,-503.93628,137.87172,37.984283,52.01368,3.4088883,21.776064,14.387206,24.961597,-2.0632625,15.189871,-0.15937713,11.508566,-4.281012,14.629921,-4.4479322,12.545052,-5.583692,11.651457,-1.7426713,7.3796453,-1.4632685,5.806387,0.49603507,6.7350807,0.6279393,5.406634
0004_0008_add.wav,-517.0091,175.88214,39.932457,53.848286,2.0119216,24.4855,13.834362,23.585352,-0.97611624,13.720385,-1.7161044,12.26835,-3.656094,13.549557,-4.848978,11.667901,-3.6994567,9.296503,-1.3316833,7.6012044,-1.1553907,6.235536,-1.2363778,9.1894245,-4.0611224,7.914238
0004_0010_add.wav,-531.79565,155.69807,36.918716,51.687996,7.555866,20.715471,14.078556,23.060139,-4.7054763,18.059713,-3.6663287,15.641561,-1.9674271,10.677759,-2.6328235,8.887291,-4.9863772,10.111546,-0.120606445,5.775163,-0.61849046,6.056436,0.0010082164,8.748873,-1.3456521,5.457745
0004_0012_add.wav,-511.04724,138.51822,35.617176,49.564472,10.060469,22.506355,13.044464,22.64872,0.62558293,14.610355,-0.6896846,12.248033,-2.6962495,11.266154,-3.2541072,9.849675,-3.1939054,7.8472714,-1.1715091,6.7899694,-3.3066232,7.0597267,-1.7249455,8.509702,-0.70583606,4.673244
0004_0014_add.wav,-526.8742,157.14206,45.119564,57.601315,3.4293478,21.471748,11.217397,19.395164,-8.533997,18.438082,-3.7853625,13.060608,-4.0926805,10.2274475,-2.8456752,9.855962,-3.6176147,9.410413,-0.92857146,6.8761783,-0.61877155,5.9435954,-1.9143916,8.212706,-1.9188373,5.7423167
0004_0015.wav,-486.55203,176.14719,38.85584,54.855225,2.5197096,22.727798,8.812588,20.52957,0.15783314,14.189934,4.1769915,11.126539,-4.706799,12.189264,-0.513092,9.231656,-2.9966264,9.174623,-0.9227331,5.3230276,0.13250604,5.4000483,-2.7473097,7.5407014,2.1698277,7.206375
0004_0032.wav,-435.7114,148.89406,49.595272,61.721745,3.9747932,25.318966,8.832927,21.016033,0.27493414,13.836924,4.9484406,11.811072,-5.2295966,13.193391,-0.7487822,9.266448,-3.4665706,9.810032,-1.3197393,5.7715654,1.2058243,6.864046,-5.2467866,10.007648,2.855511,6.8598332
0004_0033.wav,-480.46738,178.8896,41.438786,59.4784,0.9216431,27.197033,7.293351,20.741167,1.3454317,14.008741,4.568753,11.905582,-3.6790664,12.106865,0.7010329,8.798534,-2.7806618,8.355904,-1.6395094,7.2467804,1.3841105,5.7387176,-3.494093,8.688395,2.7203772,6.525143
0004_0045.wav,-454.822,153.73727,38.343063,61.172794,-0.23680194,22.519981,4.220073,19.07453,0.21117447,12.684595,3.3213923,11.088142,-3.4466581,10.392043,-1.4396099,10.942425,-2.3717546,6.8547344,-1.6488386,6.3107815,0.32401437,5.3674436,-1.7186457,6.778416,0.89444107,5.529197
0004_0050.wav,-494.86896,162.78705,37.46382,58.334877,-1.5544716,22.666254,7.807808,18.372263,1.6250216,12.350203,0.023480473,9.729077,-3.4666967,11.389427,1.0079235,8.431024,-1.8765607,7.3642178,-0.6971682,5.579923,-1.4480858,5.770452,0.34442008,5.6515827,1.2264826,5.3109217
0005_0003_add.wav,-451.2655,150.02832,35.136734,48.721424,4.7519016,20.39987,10.763024,21.991852,-0.20258072,15.714891,0.3244339,13.879409,-3.3192832,10.352508,-2.9998152,9.309031,-4.3135195,9.033247,-4.420776,7.8431325,-3.146419,6.1803,-2.5224988,6.72435,1.3964916,6.5843477
0005_0007_add.wav,-471.13754,165.54294,38.09855,51.91679,-0.28622416,23.74073,13.117441,21.7892,-1.9581515,12.859104,-4.784571,12.638176,-2.4941156,9.277246,-2.8105621,9.514871,-0.5269571,7.264582,0.73024917,7.105831,-5.7547107,9.322506,0.9254386,6.19104,-3.138278,6.4219813
0005_0008.wav,-458.8172,141.65126,35.205254,48.474995,4.168813,29.619106,11.901673,23.600983,-2.0888698,21.778189,-2.5403504,14.443385,-0.98146874,8.508268,-4.1722236,10.775041,-3.8192554,7.37252,-6.9142723,10.985503,-3.6560552,6.992409,-4.6525145,8.892858,-4.2718806,6.9925895
0005_0016_add.wav,-473.81805,162.1339,38.210194,51.770947,4.0907335,20.81092,10.274327,20.18266,-1.3201126,14.404807,-2.9190235,12.756932,-0.9419886,8.991615,-6.4685593,11.406578,-2.3059764,7.754032,-0.6397774,5.586868,-5.3453164,7.895662,-0.0817013,5.603561,-1.3900417,5.362961
0005_0017.wav,-460.67114,153.86081,29.883804,49.584328,0.7823941,29.200869,7.1852555,22.446972,-3.166407,17.84035,-2.916448,14.218512,-2.8643658,12.015552,-2.0455735,11.287889,-5.5745068,10.309914,-7.3955736,11.709752,-4.221204,7.7137613,-2.6645653,6.6864595,-4.166949,7.4178324
0005_0018_add.wav,-505.10455,150.33752,32.7524,48.528378,2.7397447,21.104015,8.721982,18.072187,3.053847,12.78368,-1.0467455,9.705977,-1.7672337,7.292711,-4.180902,9.08709,-3.2096882,7.2454066,-0.43193868,6.279067,-2.477817,5.6974993,0.87136257,6.142221,-0.36411172,4.4674983
0005_0019_add.wav,-471.9137,165.85931,41.704197,51.734016,5.2982073,20.738194,7.0085263,19.033691,-2.445572,16.037172,-0.64016145,12.95177,-3.6070378,9.303369,-0.6139099,9.358626,-3.8000755,8.150967,-2.9867911,7.614171,-2.7807465,8.437114,-1.0669316,6.7743306,-1.6627042,6.584462
0005_0025.wav,-512.6532,155.74327,28.235834,47.09732,9.929367,29.434908,11.746102,23.67183,-10.2654915,26.058626,-5.7992535,18.406631,-1.0914211,10.198657,-0.6125931,8.806494,-3.8298726,9.75341,-1.983422,7.431696,-5.0540504,9.918782,-1.1131896,6.6830106,-1.6418202,6.3048415
0005_0027.wav,-541.82367,142.79208,19.472208,50.717834,11.800463,29.55376,8.946703,21.75567,-7.360612,19.998575,-8.414313,19.628487,-2.5155716,10.891103,-0.3349376,9.387909,-5.46577,10.871324,-2.0799794,8.392546,-5.669908,10.819064,-0.17378251,6.413071,-0.99170935,6.042112
0005_0041.wav,-505.8563,142.70499,25.40087,48.14477,2.0476139,27.491901,9.85333,24.313389,-13.746831,27.650524,-4.9655743,14.962354,-2.545459,9.755482,-4.942215,12.438817,-2.809777,7.896531,-1.2378981,7.2261834,-5.2133493,11.711123,-0.46477523,6.185444,-0.8844196,5.9869184
0006_0001_add.wav,-462.8217,147.96498,32.281258,53.265182,5.6175427,18.876768,5.103396,16.552948,-5.052171,13.870488,-0.94626546,9.733834,-3.193635,10.591527,-0.034058496,8.620635,-1.7528764,6.55877,-1.9123696,7.323188,-3.6015122,7.966385,-1.3931339,5.1936693,-1.166457,4.0096545
0006_0002.wav,-477.8829,174.28464,23.102213,37.800697,0.67919636,17.970451,5.1733527,14.606913,-5.541247,12.700477,2.3455787,7.264982,-3.2154837,8.501546,-0.4207587,6.8998013,-2.5759246,6.6330185,-4.0406165,8.226747,-4.846847,7.9237375,-2.110928,6.735165,-2.659684,6.3118644
0006_0004.wav,-487.5252,175.61124,21.127932,34.83739,0.15621492,17.74667,9.694643,17.222864,-3.3084235,14.875751,4.1386495,8.697674,-3.2152264,9.131424,-0.3088389,6.494234,-3.6030948,7.289745,-5.682597,8.81873,-4.9417505,7.09608,-3.4564488,6.148783,-4.438238,6.3421717
0006_0005_add.wav,-445.5026,151.36646,34.7595,49.60953,10.083739,25.190521,5.7634277,22.914988,1.9585073,11.64655,-1.3215941,10.841835,-6.2855897,13.558604,-2.4188983,9.987134,-3.9228094,9.626921,-5.2494907,9.286458,-2.5193849,7.336067,-2.036633,7.787681,-1.1350704,6.541908
0006_0006.wav,-504.42007,182.92825,14.595125,29.486864,1.2314928,18.598656,8.589023,18.869192,-2.6819074,14.519678,3.888943,8.729609,-1.9996935,8.563559,1.1266675,8.007767,-2.9601524,7.5409865,-4.4198136,8.780634,-3.5993152,6.727358,-2.9801621,7.6220555,-2.4601667,5.7173867
0006_0013_add.wav,-478.85483,163.02895,29.048704,44.602253,9.186191,23.377726,5.1750035,18.723953,-6.6341414,15.565585,-3.4105294,12.845108,-6.071817,12.714548,-2.289738,11.397122,-0.9488292,7.366483,-5.964483,10.759353,-4.9075265,9.231687,-2.2944953,6.1043463,-1.198116,6.0989304
0006_0016_add.wav,-454.48795,173.04575,29.634172,45.98864,4.801881,31.189264,7.0636687,21.166574,-3.164533,13.785281,-9.529392,18.171837,-4.6106467,12.190233,-0.0015507981,10.387352,-5.1824584,10.308981,-4.27657,8.227119,-2.9958847,7.89041,-3.761541,8.012868,-2.553743,6.618999
0006_0019_add.wav,-455.53394,140.45226,37.797543,50.553154,14.060799,27.020561,1.5892761,18.450006,-2.372866,16.119337,-1.5339926,11.284116,-2.8267484,12.372539,-5.6787486,13.482392,0.5347873,8.477622,-2.738985,6.9625225,-6.6252074,11.007628,1.1653187,7.4912925,-4.558659,9.444234
0006_0032.wav,-507.97092,188.43913,17.555017,33.224533,-2.8547258,19.175598,5.12029,14.891441,-3.9403453,13.614064,2.7123187,8.345872,-3.3299391,8.412871,0.36123762,6.4847064,-3.1360135,7.1358624,-3.690212,7.9514036,-4.361178,7.586156,-3.064745,7.462392,-2.9752014,6.442804
0006_0040.wav,-503.73032,179.66515,15.030426,33.506092,-1.1019107,18.06262,4.8057523,14.715672,-5.6570277,14.927483,2.5159945,8.9481125,-2.380372,7.757542,0.6616472,7.433542,-3.6133106,7.5836024,-4.027773,7.7941685,-3.805207,6.66541,-1.7806277,6.373304,-3.8971958,7.3069096
0007_0001_add.wav,-470.61758,164.77065,24.904884,54.12951,4.104568,30.243448,5.6643534,23.212997,-5.5245337,18.015484,-5.632199,16.578114,-3.0725505,10.056189,-6.8821864,14.058023,-5.586009,11.150412,-4.099662,9.578216,-3.2473917,8.356659,-1.6250628,6.365995,-2.565893,5.907157
0007_0003_add.wav,-434.4935,148.89595,27.75815,51.68223,8.215767,28.426556,5.1088285,22.476984,-6.5405045,16.8157,-6.0390034,17.791658,-3.2459338,10.061576,-9.795642,16.49665,-4.8694572,10.980186,-2.9529111,7.8842707,-6.4638557,10.492885,-2.982167,8.126357,-4.937139,8.1516
0007_0004_add.wav,-451.72495,154.27348,30.055836,57.70878,2.4763932,26.71759,7.636805,21.919588,-9.018307,19.360874,-7.797087,15.588213,-2.0201566,10.343464,-6.0887856,12.725378,-2.1752596,9.95291,-3.441986,8.639966,-4.8118653,10.244082,-2.977409,9.096253,-5.9412546,10.504872
0007_0006.wav,-484.2696,153.81111,37.642353,40.516808,7.908783,25.27672,10.284101,17.925516,3.86608,12.835741,4.6906266,12.270961,-1.9048185,10.254214,3.0263348,8.25022,-3.81891,10.092096,0.34629315,7.2900395,-5.9194074,11.543591,0.26820913,7.3410587,-1.9158576,6.723261
0007_0016_add.wav,-435.84137,141.32053,24.640984,49.265903,3.230152,32.714344,8.76223,23.53939,-0.039554995,16.394785,-8.755492,18.012432,-4.2777643,11.950549,-5.3174906,12.262868,-4.6679783,11.852304,-5.2416034,10.242465,-5.997036,10.185928,0.30199182,8.593025,-2.960751,6.6755257
0007_0017.wav,-588.31915,184.51556,25.484995,41.219,3.1029966,22.068573,3.946029,14.8557205,0.18904527,13.477034,4.0664563,9.515924,-0.19753711,7.2831864,2.4038246,7.9703803,-0.8462046,7.856564,-1.9807625,8.4289665,-3.200561,8.927079,-1.06177,6.552678,-1.2033811,5.5488234
0007_0017_add.wav,-427.95325,147.8965,26.083294,54.917915,8.807728,33.280716,11.490879,27.613482,-2.297678,14.879466,-5.758254,18.105637,-8.518868,13.493644,-9.506227,16.04024,-2.021281,10.489869,-4.1485157,9.29912,-5.0741305,9.625309,-3.211155,8.438834,-2.9326942,7.830827
0007_0029.wav,-571.8616,169.63591,21.464554,36.55283,4.196627,22.979826,9.11523,18.007162,1.0168265,11.343581,5.082858,10.069016,-0.80304724,6.965763,3.1531534,7.400915,-0.99235046,10.748304,-1.8553525,7.731278,-2.2453547,7.702262,-1.7512399,7.937459,-0.7065704,4.8432164
0007_0034.wav,-524.9128,161.07054,24.357256,40.492485,6.008024,26.651445,10.526378,19.330654,0.7178506,11.047375,5.108979,11.816554,-0.30745843,8.640929,4.569978,8.8665085,-2.7142012,10.111929,1.1886806,7.256479,-0.115042284,7.59658,-0.40450636,8.171143,-1.2848632,5.5715823
0007_0035.wav,-517.5552,166.65424,34.11291,40.919193,0.5771711,25.968029,10.031987,18.419334,0.8684404,12.531938,5.275204,12.459545,-0.60914177,8.987499,4.764434,8.614594,-1.2901534,9.829388,-0.016575906,7.3716407,-0.4481069,7.4510064,-1.6450664,9.58764,-0.38361448,5.237692
0008_0001.wav,-484.03082,151.49104,28.494326,48.601524,-2.8819783,26.52726,-5.1025066,19.179556,-3.1668036,15.230609,-9.830856,18.448393,-7.50439,14.745635,-6.432488,12.875356,-4.919985,10.833194,-3.152188,8.14505,-8.863454,14.125263,0.5218514,6.410611,-5.50707,10.477641
0008_0002.wav,-481.62045,131.52846,29.406738,47.513622,-1.6480337,24.743055,-0.60581106,19.797558,-4.5230865,17.36193,-7.448776,15.054621,-8.97567,15.992011,-7.881625,15.085772,-1.6700085,8.163958,-5.9730945,10.516947,-6.272151,10.084155,-1.0838212,5.915235,-3.5485635,8.034119
0008_0002_add.wav,-551.907,136.73285,40.766834,60.628544,8.912969,26.43243,3.7540343,19.10829,1.1623535,18.872416,-1.5848078,11.047834,-6.6840997,12.480419,-4.564953,9.901215,-4.0643387,9.917827,-2.3569057,7.2686796,-1.8626703,7.045467,-0.58732754,7.023323,1.0685673,7.180486
0008_0007_add.wav,-530.9912,137.3685,35.93595,58.191868,7.3266525,26.768747,8.340897,21.82768,3.13051,15.2151375,0.7638198,9.765017,-7.9131455,14.778452,-3.0107088,8.991311,-1.9898913,8.001884,-1.28026,6.7037473,-2.665767,8.168158,-2.7773786,7.223038,0.6319306,6.296963
0008_0013_add.wav,-476.22235,129.33092,29.583117,47.94464,9.750865,22.984015,7.645909,21.117275,-0.074176,17.103838,1.0671992,9.584129,-8.777833,15.80868,-6.6903644,11.524666,-4.478311,10.643854,-3.81483,7.686526,-3.2577546,7.8184185,-0.35957217,5.1419253,0.92731047,7.715763
0008_0014_add.wav,-552.2787,120.45239,29.92507,52.440525,4.2366867,16.591272,6.1309195,21.684942,3.0780988,15.477039,0.41900066,10.567128,-7.509081,13.710291,-2.4100697,7.754442,-2.8157701,8.374675,-2.259882,7.565575,-1.3711312,5.9895244,-2.3994663,8.632185,0.80745244,5.951006
0008_0020_add.wav,-482.71158,126.409485,51.66591,67.16542,16.055586,27.999691,5.6111083,20.327148,-2.7142172,17.29918,-2.977222,11.743078,-7.4869657,13.155882,-2.0475307,8.246472,-4.2786765,8.75975,-5.560922,10.20639,-2.5176635,6.5860996,-3.9695897,7.444877,-3.65953,7.9711385
0008_0026.wav,-459.8963,126.221634,31.383816,45.71327,3.44255,26.39794,2.7045426,23.283579,-3.0630074,19.489338,-5.3181496,17.339348,-2.9326406,14.907533,-5.0540943,16.22047,-2.8181086,12.617894,-3.9493682,12.282839,-4.782189,13.198893,1.0083292,8.636907,0.2118911,9.054624
0008_0028.wav,-519.90643,131.00803,35.227386,47.428074,-4.0830026,27.514256,1.5548741,20.121681,-4.404854,18.461487,-2.7554452,14.501442,-7.583707,13.211534,-9.2082615,16.522211,-1.9784673,9.172474,-7.036416,11.155004,-5.865834,9.571681,-0.9361965,5.64395,-4.135056,9.618143
0008_0031.wav,-520.9064,125.59062,34.542255,51.11427,2.586462,26.321068,-1.4831122,18.251493,-0.788104,15.553625,-6.7566442,17.708332,-4.156107,10.61627,-4.557505,10.987555,-2.3785062,9.891857,-3.216622,9.683757,-5.042235,10.844219,1.0406873,6.803986,-3.3867707,9.253447
0009_0001_add.wav,-550.08923,170.13168,33.640244,54.167904,3.5210826,21.313236,5.7362027,15.922539,-3.0538743,12.528774,-1.786996,9.29739,-0.23943655,6.3450084,1.6340044,8.45882,-3.205324,9.038725,-1.8604406,6.459235,-5.4575996,11.23731,-2.5650089,7.3317847,-1.3203717,5.1215596
0009_0004_add.wav,-508.13422,146.96373,34.05122,50.868317,7.5921607,20.017897,8.726074,15.970799,-4.2163734,12.781939,-5.4469056,13.781486,-0.2863728,9.32978,-1.3393303,8.114156,-3.0922592,7.408895,-1.4529928,6.9760723,-5.8550897,10.795146,-3.3776937,6.9957066,-2.7345064,5.4752684
0009_0011_add.wav,-534.5858,159.12558,34.660484,55.201126,0.714376,24.12566,1.4547566,16.859606,-3.220461,12.974615,1.620033,11.643623,-2.9772522,9.137537,2.9565547,8.924993,-3.4766035,8.528709,-2.2406106,7.754062,-5.867385,11.795877,-1.898151,6.568333,-1.2130555,5.4074135
0009_0013_add.wav,-560.9524,169.16714,31.469217,51.282692,1.7356467,20.779095,5.160425,17.846338,-0.8112731,11.472418,-3.0405617,10.669816,-1.2895733,9.086616,-1.3856261,9.164347,-3.5376732,8.582067,-2.129088,6.819324,-5.2893786,10.306892,-1.9091544,6.504139,-2.0206733,5.3905044
0009_0015.wav,-501.89572,188.59657,35.1244,49.161037,-5.8147254,18.401524,8.12875,16.504028,-4.170167,13.36148,3.6485868,9.2378025,-1.485463,8.381527,2.9403355,7.3876143,-1.9541374,7.3932514,1.5804024,4.496369,-3.5201755,7.5873723,2.2227437,5.6341796,-1.8299758,4.458201
0009_0019_add.wav,-528.61676,164.68077,35.692047,54.794876,8.19518,21.546677,1.536045,16.320215,-0.25286508,10.969549,-7.2039995,16.970713,1.980194,8.422716,-2.44674,10.885264,-2.2130625,7.808065,0.22362055,5.997989,-6.550904,12.243677,-2.077964,6.5979686,-2.4873607,6.5306864
0009_0024.wav,-545.2194,184.53058,31.611568,50.74325,-4.4662733,15.753671,7.190761,16.079748,-3.27759,12.815853,3.2712228,8.938232,-0.09328372,5.637994,2.4709322,7.078424,-1.1321658,6.5429025,0.8022439,3.837351,-2.632285,6.9489603,1.6973622,4.61086,-1.3222889,5.2556663
0009_0035.wav,-482.7753,180.56123,36.079266,50.032776,-3.1418824,14.252992,12.10627,19.954098,-5.9471264,14.34151,1.4105228,8.191351,-2.8713093,7.615412,0.97798073,6.7966366,-2.705134,6.7258677,0.23641364,4.1084805,-3.3018699,6.7623963,0.9513197,5.0860834,-1.2236518,5.8625126
0009_0036.wav,-505.58652,182.09265,34.36935,49.628143,-3.9129436,16.950058,7.0463047,13.446025,-5.4468684,14.488444,5.439796,10.438753,-1.5929052,7.550304,0.053063437,6.0326943,-1.0391965,4.8030405,-0.4817076,3.996864,-1.9251442,5.211785,2.6951418,5.0947065,-1.0864323,3.9347622
0009_0050.wav,-518.6866,186.31245,33.7946,51.655483,-5.9127846,13.841944,6.922088,13.891373,-3.7467368,10.787406,3.8767896,8.367977,-3.3848403,7.557396,0.40183347,4.658159,-2.719947,5.8857894,0.6241963,3.4750814,-1.3970866,3.9629056,2.107726,4.7796674,-0.24265654,4.0310087
0010_0003.wav,-488.07562,168.24721,15.597373,41.90833,0.21809815,31.432802,3.4529612,22.917454,-18.04209,30.224556,6.1996636,15.809956,-8.138928,14.6394005,-12.182763,20.110928,-3.019969,10.2057705,-7.5266256,12.796421,-0.6098464,7.5726604,0.3665842,8.041456,-0.28742862,6.8802276
0010_0008.wav,-507.42413,161.85243,18.520227,43.071648,-2.341025,28.488914,0.8507169,18.687874,-10.722771,22.318329,-1.5156013,11.907364,-7.7506475,15.721652,-8.444319,16.189903,-1.3977296,8.00496,-4.6708374,9.926998,-3.9817038,9.854001,0.88846505,5.951569,-1.9589282,6.6608152
0010_0010_add.wav,-464.3121,162.95645,41.69881,58.50332,11.120406,28.828552,8.572799,27.394316,-2.462924,15.864716,-2.3902953,13.79827,-0.7499758,12.415589,-4.1322803,15.36096,-5.5455537,10.554696,3.0846646,8.857539,-3.0847354,7.9972687,2.650928,6.993556,-0.9919039,6.911942
0010_0014.wav,-410.10092,147.07922,39.751583,51.894386,10.848755,30.880098,13.940952,24.915915,-12.368043,26.352163,4.2294016,11.510266,-3.9926941,12.992161,-4.456422,10.64282,-1.1592299,8.194801,-3.992273,8.046515,-0.144619,6.124127,-0.9596637,5.9159493,-1.1821216,5.6986275
0010_0015_add.wav,-471.51785,158.25792,40.768272,56.276,10.500306,34.826035,8.840484,26.576418,1.9424409,15.860136,-1.8917578,12.052593,-5.1348386,12.737048,-3.124912,11.657198,-3.6350164,11.838677,-1.868346,7.8055854,-3.5076041,9.05506,-1.929845,8.659701,2.174874,6.675846
0010_0018_add.wav,-460.95786,159.45706,40.8967,58.312984,1.0440149,27.64621,6.1560383,24.567287,-0.49448106,16.748613,-2.1971555,12.465947,-6.4324093,13.452645,-5.2556024,15.388565,-3.920478,11.103051,-3.3016047,7.5313106,-1.8065181,6.9143643,-0.04847932,6.92238,0.42073202,5.715786
0010_0019_add.wav,-533.36743,169.85034,34.659462,58.5188,0.9333204,24.227922,2.6657827,18.721046,1.1542711,16.104036,2.659778,12.4654255,-4.332481,12.908592,-0.66417235,13.095439,-4.593911,11.126138,0.49367896,6.9836364,-1.438135,6.470939,0.45140848,6.6254473,0.876902,6.1892915
0010_0020_add.wav,-495.99518,161.64626,26.583569,47.88763,4.691153,27.126669,8.678214,25.652655,-2.8885787,14.98751,-3.7458293,12.223037,-0.7298091,12.593883,-3.9265895,13.588931,-2.3189342,10.061368,-1.7617754,7.234873,-0.93154526,5.4250255,-0.26781657,6.2265716,-1.8053671,6.209501
0010_0040.wav,-438.99442,154.8104,29.495005,44.628616,10.249087,28.225937,17.739058,30.182312,-4.9551353,20.524305,2.5484765,10.904912,-2.6619775,11.712312,-4.5758085,10.512634,-7.99712,12.450707,0.48327133,5.9085627,1.7653034,5.4269247,0.29402775,4.430921,2.9676545,6.259065
0010_0049.wav,-435.16217,169.4387,26.943394,43.975754,3.3852038,25.534046,7.8560057,22.592484,-6.723722,20.50587,6.582982,14.253075,-3.5792754,10.508844,-4.0586085,10.457781,-4.845772,9.273767,-4.0810676,8.292514,0.4544694,5.7325687,1.2275895,5.750495,1.3869979,5.3005776
